buysM5,buysH1,sellsM5,sellsH1,volM5,volH1,priceM5,priceH1,liquidity,marketCap,paidProfile,paidAd,websites,socials,boosts,pools,buysToSells,volToLiquidity,volToMC,liquidityToMC,liquidityToBuys,MCToBuys,poolsToLiquidity,buysToVol,score,highHolder,lowLP,mutable,unlockedLP,singleHolder,highOwnership,result
147,406,58,96,77263.29,168673.16,5.77,426510.0,182907.64,408337168.0,0,0,0,0,0,1,4.229166666666667,0.9221766788965184,0.0004130732473513163,0.00044793287100428736,450.5114285714286,1005756.5714285715,5.467240187451984e-06,0.0024070219589174707,600,0,500,100,0,0,0,Success
87,377,101,284,18051.66,423011.54,1.1,1109.0,945406.27,10902685.0,0,0,0,0,0,1,1.3274647887323943,0.4474388984113676,0.0387988408359959,0.0867131601068911,2507.7089389920425,28919.588859416446,1.0577463168294832e-06,0.0008912286411855337,11499,0,400,100,10999,0,0,2x
233,743,35,92,15692.98,280806.27,5.96,1931936.0,525236.41,2301588914.0,1,0,0,1,10,1,8.076086956521738,0.5346283400269224,0.0001220053973548119,0.00022820600447157004,706.9130686406461,3097697.057873486,1.9039045674689611e-06,0.002645952314383863,400,0,400,0,0,0,0,RSuccess
22,79,20,73,1813.3,5857.56,39.9,39.9,3224.19,1868795.0,1,0,1,1,0,8,1.082191780821918,1.8167539754170816,0.0031344047902525426,0.0017252775184008948,40.81253164556962,23655.632911392404,0.0024812433510432077,0.01348684435157301,300,0,300,0,0,0,0,3x
15,212,24,200,2915.7,29582.64,16.74,72.09,42168.32,135955.0,0,0,0,0,0,2,1.06,0.7015370780718796,0.2175914089220698,0.31016380419991907,198.90716981132076,641.2971698113207,4.742897037396795e-05,0.007166365138473105,400,0,400,0,0,0,0,2x
36,139,4,15,18074.92,73323.99,6.57,26.9,1148653.93,658413.0,0,0,0,0,0,1,9.266666666666667,0.06383470955433897,0.11136473611547767,1.744579663524262,8263.697338129496,4736.784172661871,8.705842324502385e-07,0.0018956960743680205,11499,0,400,100,10999,0,0,RSuccess
381,880,130,471,67301.53,222570.41,22.27,58286.0,84685.16,17635098.0,1,0,0,1,0,1,1.8683651804670913,2.628210302726003,0.012620877411625386,0.004802080487446115,96.23313636363636,20039.88409090909,1.1808444360263356e-05,0.0039538050004041415,3400,3000,400,0,0,0,0,Success
67,339,29,253,7461.86,66296.1,-5.91,11.13,35757.92,96396.0,0,0,0,0,0,2,1.3399209486166008,1.8540256256516041,0.6877474169052659,0.3709481721233246,105.48058997050147,284.353982300885,5.593166492905628e-05,0.005113422961531673,400,0,400,0,0,0,0,4x
66,262,3,25,8468.24,51293.38,11.64,105.0,321041.77,234845.0,0,0,0,0,0,1,10.48,0.1597716708327393,0.21841376226873044,1.3670368540952544,1225.3502671755725,896.3549618320611,3.1148594776312126e-06,0.005107871620080408,11499,0,400,100,10999,0,0,RSuccess
25,263,38,210,4589.63,51388.8,22.89,207.0,59332.35,266431.0,0,0,0,0,0,2,1.2523809523809524,0.866117724984768,0.19287845633578676,0.2226931175426283,225.59828897338403,1013.0456273764258,3.370842381938352e-05,0.00511784669032941,9686,0,400,0,0,7931,1355,2x
20,107,3,19,18938.34,62368.03,8.25,31.16,965503.74,554086.0,0,0,0,0,0,1,5.631578947368421,0.0645963629307122,0.11256019823637485,1.7425160354168847,9023.399439252336,5178.373831775701,1.0357287689015063e-06,0.0017156225713719033,11499,0,400,100,10999,0,0,RSuccess
35,135,2,15,20810.22,70811.46,7.27,24.54,1189588.75,675227.0,0,0,0,0,0,1,9.0,0.0595260000567423,0.10487059907260818,1.7617612299271208,8811.768518518518,5001.681481481482,8.406266451326141e-07,0.0019064710712079654,11499,0,400,100,10999,0,0,RSuccess
19,101,5,15,5249.41,26172.69,6.2,37.43,331595.66,196345.0,0,0,0,0,0,1,6.733333333333333,0.07892953122486585,0.13329949833201762,1.6888418854567215,3283.125346534653,1944.009900990099,3.015721013960195e-06,0.0038589843076886634,0,0,0,0,0,0,0,RSuccess
155,403,73,150,70606.46,437022.11,14.65,1395603.0,637666.26,2531535495.0,1,0,0,1,10,1,2.6866666666666665,0.6853461401580193,0.00017263123936565622,0.00025188912470690045,1582.29841191067,6281725.794044665,1.5682184596061268e-06,0.000922150140183983,0,0,0,0,0,0,0,RSuccess
20,105,11,25,5189.1,25049.05,6.43,34.46,328408.51,193472.0,0,0,0,0,0,1,4.2,0.07627405879342164,0.1294711896295071,1.697447227505789,3127.7000952380954,1842.5904761904762,3.044988085113872e-06,0.004191775736005957,11399,0,400,0,10999,0,0,RSuccess
2,35,4,13,5836.39,57319.91,7.0,15584.0,107754.76,1816556.0,0,0,0,0,0,1,2.6923076923076925,0.5319478230010443,0.03155416623544774,0.059318160298939306,3078.7074285714284,51901.6,9.280332488328127e-06,0.0006106080766700436,6900,2500,100,100,0,4200,0,RSuccess
3,59,4,20,3899.84,48804.8,-0.63,15751.0,81768.59,1042406.0,0,0,0,0,0,1,2.95,0.5968648841810774,0.04681937747864076,0.0784421712845091,1385.9083050847457,17667.898305084746,1.2229634875690042e-05,0.00120889748549323,2200,2100,100,0,0,0,0,Success
166,467,116,411,71003.13,178423.58,9.69,46780.0,43607.31,22711383.0,0,0,0,0,0,1,1.1362530413625305,4.091597945390348,0.007856130117659501,0.001920064048939688,93.3775374732334,48632.51177730193,2.29319350356626e-05,0.0026173670542873314,600,0,500,100,0,0,0,Success
27,213,26,174,2777.62,32777.77,2.93,-25.43,27398.73,57564.0,0,0,0,0,0,2,1.2241379310344827,1.1963244281760503,0.5694143909387811,0.47596987700646237,128.6325352112676,270.2535211267606,7.299608412506712e-05,0.0064983066267168274,400,0,400,0,0,0,0,2x
930,1818,1012,1433,534358.43,718252.96,11.04,104.0,46527.62,155176.0,0,0,0,0,0,2,1.2686671318911376,15.437130891285648,4.628634324895602,0.29983773263906793,25.592750275027505,85.35533553355336,4.298522039167273e-05,0.0025311416746545677,400,0,400,0,0,0,0,2x
84,261,2,13,10921.74,51288.2,15.31,108.0,319255.75,235079.0,0,0,0,0,0,1,20.076923076923077,0.16064926003682,0.21817431586828256,1.3580785608242336,1223.2021072796936,900.6858237547892,3.132285009745322e-06,0.005088889842107931,11499,0,400,100,10999,0,0,RSuccess
4,80,4,37,1450.09,45087.54,1.26,16885.0,84267.61,1111401.0,0,0,0,0,0,1,2.1621621621621623,0.5350518425762876,0.04056820175616182,0.07582106728354572,1053.345125,13892.5125,1.1866955761531626e-05,0.0017743261220283918,2300,2200,100,0,0,0,0,Success
33,611,79,611,5433.44,117467.35,-48.42,-86.51,10891.31,8885.0,0,0,0,0,0,2,1.0,10.785419752077575,13.22086100168824,1.2258086662915024,17.825384615384614,14.541734860883796,0.00018363263923256248,0.005201445337789607,400,0,400,0,0,0,0,2x
89,398,63,319,48667.15,157714.09,-74.24,39640.0,40083.48,19260392.0,0,0,0,0,0,1,1.2476489028213167,3.9346406549531125,0.008188519216015957,0.0020811352126166487,100.71226130653267,48392.94472361809,2.4947933662446473e-05,0.0025235538562217237,600,0,500,100,0,0,0,4x
4,69,1,33,262.32,5215.22,13.57,116.0,6895.11,5717.0,0,0,0,0,0,1,2.090909090909091,0.7563650181070354,0.9122301906594368,1.206071366101102,99.9291304347826,82.85507246376811,0.00014503031858810085,0.013230506095620126,400,0,400,0,0,0,0,4x
292,2309,386,1948,51593.91,412064.54,-38.76,-28.6,26205.86,51863.0,0,0,0,0,0,2,1.1853182751540041,15.724137273113723,7.945250756801573,0.5052900912018202,11.349441316587267,22.461238631442182,7.631880808338288e-05,0.005603491142431232,400,0,400,0,0,0,0,4x
128,419,46,59,24251.87,203961.4,4.13,694167.0,366752.7,1162812649.0,1,0,0,1,10,1,7.101694915254237,0.5561278758138658,0.00017540349270830815,0.00031540136780882234,875.3047732696898,2775209.186157518,2.7266329600300146e-06,0.0020543102763562124,3400,3000,400,0,0,0,0,RSuccess
6,58,7,18,10849.65,48950.73,-4.26,15074.0,76981.28,957931.0,0,0,0,0,0,1,3.2222222222222223,0.6358783589984475,0.05110047592154341,0.08036203025061305,1327.263448275862,16516.05172413793,1.2990171116926089e-05,0.001184864863098058,2200,2100,100,0,0,0,0,2x
215,489,63,127,79363.8,400331.76,8.62,2645005.0,527491.78,3026500528.0,1,0,0,1,10,1,3.8503937007874014,0.7589345942035343,0.00013227546345896424,0.00017429099222678214,1078.7152965235175,6189162.63394683,1.8957641387321713e-06,0.0012214868987661634,14399,3000,400,0,10999,0,0,RSuccess
23,98,1,10,3726.03,11595.05,6.76,23.54,221842.91,123684.0,0,0,0,0,0,1,9.8,0.052266939700709836,0.0937473723359529,1.7936265806409883,2263.703163265306,1262.0816326530612,4.507694205778314e-06,0.008451882484335989,11499,0,400,100,10999,0,0,RSuccess
78,312,86,261,21753.48,329187.75,0.86,6448.0,522434.27,20390809.0,0,0,0,0,0,1,1.1954022988505748,0.6301036683523843,0.016143927884371828,0.02562106633434701,1674.4688141025642,65355.157051282054,1.91411639209656e-06,0.000947787394883315,11499,0,400,100,10999,0,0,2x
181,393,37,62,20976.93,325764.65,8.16,1663192.0,624154.41,2566504340.0,1,0,0,1,10,1,6.338709677419355,0.5219295814957071,0.00012692931974547138,0.00024319242335666576,1588.1791603053437,6530545.3944020355,1.6021676430997258e-06,0.0012063924062969999,400,0,400,0,0,0,0,RSuccess
1409,2314,246,710,103521.92,277157.24,5.27,73.6,46150.66,166138.0,1,1,1,1,500,2,3.259154929577465,6.005488112196011,1.668235081679086,0.27778509431918047,19.944105445116683,71.79688850475367,4.333632498430141e-05,0.008349051246144608,400,0,400,0,0,0,0,10x
20,293,11,202,2669.79,50723.53,20.05,46.02,36849.21,108558.0,0,0,0,0,0,2,1.4504950495049505,1.3765160772781833,0.46724819911936477,0.3394426021113138,125.76522184300342,370.5051194539249,5.427524769187725e-05,0.005776411854616585,400,0,400,0,0,0,0,10x
14,253,22,219,1959.81,41828.38,1.96,-25.87,24519.97,47706.0,0,0,0,0,0,2,1.1552511415525115,1.705890341627661,0.8767949524168868,0.5139808409843626,96.91687747035573,188.56126482213438,8.156616831097265e-05,0.006048524948850518,400,0,400,0,0,0,0,4x
164,1240,189,1016,24542.9,168971.07,-15.71,119.0,44020.02,152833.0,1,1,1,1,0,2,1.220472440944882,3.83850507110174,1.1055928366255978,0.28802693135644786,35.500016129032254,123.25241935483871,4.5433873042311205e-05,0.007338534342003042,400,0,400,0,0,0,0,Success
592,1394,77,296,12064.58,58586.93,-8.91,3589.0,11851.2,60175.0,1,0,1,1,100,1,4.70945945945946,4.943544113676252,0.9736091400083091,0.19694557540506857,8.501578192252511,43.16714490674318,8.43796408802484e-05,0.02379370279343874,500,0,500,0,0,0,0,10x
221,627,41,89,14071.3,274081.7,2.54,1973263.0,505724.22,2228031327.0,1,0,0,1,10,1,7.044943820224719,0.541958817001092,0.00012301519133891425,0.0002269825445771212,806.5777033492823,3553478.990430622,1.977362286504688e-06,0.002287639050691819,400,0,400,0,0,0,0,RSuccess
174,677,130,485,140505.99,488979.27,206.0,1388.0,176323.62,3296944.0,0,0,0,0,0,1,1.3958762886597937,2.773192099844593,0.14831288308202992,0.05348092657928069,260.4484785819793,4869.932053175776,5.671389913614523e-06,0.0013845167710279415,11499,0,400,100,10999,0,0,Success
838,2386,652,1784,3484.99,66329.5,8.19,366072.0,126116.89,1381431796.0,0,0,0,0,0,1,1.3374439461883407,0.5259366925397542,4.80150378701722e-05,9.1294329814311e-05,52.85703688181056,578973.9295892707,7.92915207471418e-06,0.03597192802599145,3400,2900,400,100,0,0,0,RSuccess
2,43,5,16,7631.63,62838.34,4.04,14639.0,115522.58,2173930.0,0,0,0,0,0,1,2.6875,0.543948551010547,0.028905410937794685,0.053139972308215995,2686.5716279069766,50556.51162790698,8.656316366895546e-06,0.0006842956067903768,5274,2500,100,100,0,2574,0,RSuccess
3901,14486,3305,11038,1744315.34,6459131.49,-45.92,2419.0,180252.31,992186.0,0,0,0,0,0,5,1.3123754303315818,35.83383475085562,6.51000063496159,0.18167189418113136,12.443207924893,68.49275162225597,2.773889555146339e-05,0.0022427163810532676,400,0,400,0,0,0,0,4x
278,632,195,422,146790.17,305965.15,-28.76,366.0,76223.64,441157.0,0,0,0,0,0,2,1.4976303317535544,4.014045380147157,0.6935516154112935,0.17278120941070865,120.60702531645569,698.0332278481013,2.6238579002524676e-05,0.0020655947254123548,400,0,400,0,0,0,0,3x
13,67,59,179,5798.17,26248.84,-52.22,-71.73,11826.37,485059.0,0,0,0,0,0,5,0.3743016759776536,2.2195179078618374,0.0541147365578208,0.024381302068408175,176.51298507462687,7239.686567164179,0.00042278399880944025,0.0025524937482951627,400,0,400,0,0,0,0,4x
102,271,30,71,30990.82,274486.32,7.65,35893125.0,474281.11,2350008756.0,1,0,0,1,10,1,3.816901408450704,0.5787418351955869,0.00011680225416147344,0.00020182099695972367,1750.1147970479703,8671619.025830258,2.1084542034575234e-06,0.0009872987477117256,400,0,400,0,0,0,0,RSuccess
108,374,65,174,14638.97,38509.27,-2.18,508.0,7462.28,19408.0,1,0,1,1,50,1,2.1494252873563218,5.160523325310763,1.984195692497939,0.38449505358615005,19.952620320855615,51.893048128342244,0.0001340073007177431,0.009711947279187583,2600,2200,400,0,0,0,0,3x
822,2746,874,1879,122061.28,184787.43,6.54,-5.28,32645.51,80491.0,0,0,0,0,0,2,1.4614156466205428,5.660424052189719,2.2957526928476475,0.40557963002074765,11.888386744355426,29.31209031318281,6.126416772168669e-05,0.014860318150428306,400,0,400,0,0,0,0,2x
24,108,2,13,13490.41,38663.61,8.16,26.32,686482.49,386266.0,0,0,0,0,0,1,8.307692307692308,0.056321334576210386,0.10009581480119918,1.777227325211124,6356.319351851852,3576.537037037037,1.4567013937966576e-06,0.0027933242653751162,11499,0,400,100,10999,0,0,RSuccess
1,41,3,11,3466.41,53175.45,5.02,12190.0,102157.97,1651605.0,0,0,0,0,0,1,3.727272727272727,0.5205217958031076,0.032196227306165816,0.06185375437831685,2491.657804878049,40283.04878048781,9.788761464230349e-06,0.0007710324971391874,5232,2500,100,100,0,2532,0,RSuccess
5,88,8,40,2895.24,11590.76,16.44,329.0,20932.55,24558.0,0,0,0,0,0,1,2.2,0.5537194465079506,0.4719749165241469,0.852371935825393,237.86988636363637,279.0681818181818,4.777248830171193e-05,0.007592254519979707,14145,0,400,0,10999,2746,0,10x
115,386,33,84,18902.01,357313.18,7.21,1755906.0,686775.32,2932377193.0,1,0,0,1,10,1,4.595238095238095,0.5202766750558246,0.0001218510295513678,0.0002342042905119539,1779.2106735751295,7596832.106217616,1.4560802796466246e-06,0.0010802848078539952,400,0,400,0,0,0,0,RSuccess
179,591,140,361,82168.76,536522.87,10.73,8050117.0,796013.38,7835985034.0,1,0,1,0,10,1,1.6371191135734071,0.6740123765256307,6.846910345949494e-05,0.00010158434154048691,1346.8923519458544,13258857.925549915,1.2562602904991371e-06,0.001101537386467794,11399,0,400,0,10999,0,0,RSuccess
121,382,68,187,62712.1,430875.79,3.29,1078643.0,565109.87,1979165347.0,1,0,0,1,10,1,2.0427807486631018,0.7624637488635617,0.0002177058074774386,0.00028552938785866887,1479.3452094240838,5181061.117801047,1.7695673940361368e-06,0.0008865664046708218,400,0,400,0,0,0,0,RSuccess
8,75,2,10,8041.46,44503.41,3.63,21.47,934651.66,516050.0,0,0,0,0,0,1,7.5,0.04761496919611741,0.08623856215482996,1.8111649258792752,12462.022133333334,6880.666666666667,1.06991732085513e-06,0.0016852641179630954,11499,0,400,100,10999,0,0,RSuccess
16,103,1,13,4467.17,32504.72,4.76,38.19,386880.8,232058.0,0,0,0,0,0,1,7.923076923076923,0.08401740277625563,0.14007153384067778,1.6671728619569246,3756.12427184466,2252.990291262136,2.5847754657248434e-06,0.0031687705662439176,11399,0,400,0,10999,0,0,RSuccess
107,634,49,429,7124.2,115162.22,7.68,42.31,39331.08,115268.0,1,0,0,1,0,2,1.4778554778554778,2.928020791699592,0.9990823125238575,0.341214213832113,62.036403785488965,181.81072555205049,5.085037075005314e-05,0.005505277685685462,400,0,400,0,0,0,0,4x
368,807,136,406,47502.37,149476.79,11.49,33127.0,52506.43,6732415.0,0,0,0,0,0,1,1.9876847290640394,2.846828283697825,0.022202551387577863,0.007799048335552695,65.06372986369269,8342.521685254027,1.9045286453487698e-05,0.005398831484138775,3400,3000,400,0,0,0,0,Success
45,201,34,140,8276.2,36568.11,-6.97,2576.0,14892.79,77359.0,1,1,1,1,100,1,1.4357142857142857,2.455423731886369,0.4727066016882328,0.19251528587494668,74.09348258706468,384.87064676616916,6.714658569683719e-05,0.005496592522829318,500,0,400,100,0,0,0,2x
9,79,3,10,1701.87,9260.1,2.74,17.8,230248.57,124753.0,0,0,0,0,0,1,7.9,0.040217839355093495,0.07422747348761152,1.845635535818778,2914.5388607594937,1579.1518987341772,4.343132293937808e-06,0.008531225364736881,11499,0,400,100,10999,0,0,RSuccess
247,2900,275,2692,48437.52,610907.81,32.61,-23.61,30098.93,63438.0,0,0,0,0,0,2,1.0772659732540861,20.29666204081009,9.629997950755069,0.4744621520224471,10.378941379310344,21.875172413793102,6.644754481305481e-05,0.004747033762753827,400,0,400,0,0,0,0,Success
99,265,23,56,18481.61,341575.05,7.71,1627229.0,661292.19,2733159442.0,1,0,0,1,10,1,4.732142857142857,0.5165266657693326,0.0001249744324283003,0.00024195155973633827,2495.442226415094,10313809.21509434,1.5121908516717853e-06,0.0007758177887992698,400,0,400,0,0,0,0,RSuccess
287,932,182,590,45581.95,133433.8,-1.35,48.17,38915.05,114468.0,1,0,1,0,0,2,1.5796610169491525,3.428848221960398,1.1656864800642974,0.3399644442114827,41.754345493562234,122.81974248927038,5.139399795194918e-05,0.006984737000669996,400,0,400,0,0,0,0,3x
663,5663,949,6138,146135.3,1583065.21,-50.21,-8.94,32694.44,68925.0,0,0,0,0,0,2,0.922613229064842,48.420013005269396,22.967939209285454,0.4743480594849474,5.773342751191947,12.171110718700335,6.117248070314096e-05,0.003577237352086084,400,0,400,0,0,0,0,Success
46,499,56,407,10177.88,99762.86,-12.61,8.64,36371.73,100132.0,1,0,1,1,0,2,1.2260442260442261,2.742868156120151,0.9963134662245836,0.36323782606958815,72.88923847695392,200.66533066132266,5.498776109907337e-05,0.005001861414157533,400,0,400,0,0,0,0,3x
246,670,51,145,74945.95,456492.55,12.26,2968590.0,586233.22,3561360680.0,1,0,0,1,10,1,4.620689655172414,0.7786876185556322,0.00012817925254344077,0.00016460933690097348,874.9749552238806,5315463.701492538,1.7058057542354901e-06,0.0014677128903856152,3400,3000,400,0,0,0,0,RSuccess
12,79,1,11,841.96,8994.75,1.22,11.19,297486.55,158277.0,0,0,0,0,0,1,7.181818181818182,0.030235820745509335,0.0568291665876912,1.8795311384471527,3765.6525316455695,2003.506329113924,3.361496511354883e-06,0.00878290113677423,11499,0,400,100,10999,0,0,RSuccess
138,2440,87,258,23769.82,56829.68,7.54,7926.0,36172.95,162320.0,1,1,0,1,0,1,9.457364341085272,1.571054614014063,0.35010892065056676,0.22284961803844255,14.82497950819672,66.52459016393442,2.7644966750016244e-05,0.04293531126692953,600,0,500,100,0,0,0,2x
4,66,5,20,8685.86,51518.46,-17.4,14319.0,78220.75,949220.0,0,0,0,0,0,1,3.3,0.6586290722091005,0.05427452013231917,0.08240529065969954,1185.1628787878788,14382.121212121212,1.2784331523285061e-05,0.001281094194197575,100,0,100,0,0,0,0,2x
130,1043,79,1015,41395.14,303263.82,139.0,-16.93,30092.29,66208.0,0,0,0,0,0,2,1.0275862068965518,10.077791354529682,4.5804709400676655,0.45451138835186083,28.851668264621285,63.4784276126558,6.646220676458987e-05,0.0034392496935506515,400,0,400,0,0,0,0,10x
9,98,44,118,4279.78,15908.48,-7.39,0.88,21992.01,413691155.0,1,0,1,1,0,30,0.8305084745762712,0.723375444081737,3.845496769202136e-05,5.3160454929233376e-05,224.40826530612244,4221338.316326531,0.0013641317915006406,0.006160236553083638,0,0,0,0,0,0,0,2x
24,289,29,314,7323.88,63588.59,33.95,-67.84,18385.74,25151.0,0,0,0,0,0,2,0.9203821656050956,3.4585820315092017,2.528272832094151,0.7310142737863307,63.61847750865052,87.02768166089966,0.00010877995664030927,0.004544840513054308,400,0,400,0,0,0,0,2x
30,102,40,90,4321.5,13625.84,-8.65,3.35,9670.64,396278416.0,1,0,1,1,0,30,1.1333333333333333,1.4089905114863133,3.4384512125434557e-05,2.440365058893341e-05,94.81019607843136,3885082.5098039214,0.0031021731757153613,0.007485777023655055,0,0,0,0,0,0,0,Success
181,1023,178,906,62719.33,364478.66,-31.25,-13.61,30432.66,67347.0,0,0,0,0,0,2,1.1291390728476822,11.976562679700033,5.41195094065066,0.4518784801104726,29.748445747800588,65.83284457478005,6.571886913598746e-05,0.002806748685917579,400,0,400,0,0,0,0,Success
314,3319,257,2465,67122.31,1279333.47,11.19,120.0,55088.46,213477.0,1,0,1,1,0,3,1.346450304259635,23.223257103211814,5.992839837546902,0.25805337343132984,16.59790900873757,64.31967460078337,5.445786649327282e-05,0.0025943196811696015,400,0,400,0,0,0,0,2x
29,445,39,500,9755.61,90792.8,-25.21,-68.14,18200.85,24688.0,0,0,0,0,0,2,0.89,4.988382410711588,3.677608554763448,0.7372346889176927,40.90078651685393,55.47865168539326,0.00010988497789938383,0.00490126970420562,400,0,400,0,0,0,0,2x
1628,3415,1083,2596,361791.28,680918.06,41.61,283.0,68196.01,320514.0,1,0,0,1,30,2,1.3154853620955316,9.984719927162896,2.1244565291999726,0.212770768203573,19.96954904831625,93.85475841874084,2.9327228968380997e-05,0.005015287742551578,400,0,400,0,0,0,0,3x
129,931,89,762,15825.12,168990.25,-18.64,-38.96,23142.84,40061.0,1,0,1,1,10,2,1.2217847769028871,7.302053248434505,4.218323306956891,0.5776900227153591,24.858045112781955,43.03007518796993,8.641981710109909e-05,0.0055091935777359935,400,0,400,0,0,0,0,Success
444,1358,309,965,113314.25,349135.3,-32.59,15.12,38421.56,107072.0,0,0,0,0,0,2,1.4072538860103627,9.086963152979733,3.260752577704722,0.3588385385534967,28.292754050073636,78.84536082474227,5.2054107121105965e-05,0.0038896095582428934,400,0,400,0,0,0,0,2x
38,524,47,477,9916.04,109100.69,-21.72,-8.96,30979.63,70989.0,0,0,0,0,0,2,1.09853249475891,3.5216911886939903,1.5368675428587528,0.4364004282353604,59.121431297709925,135.47519083969465,6.455855024737222e-05,0.004802902713080916,400,0,400,0,0,0,0,Success
19,104,3,12,12286.33,42471.68,7.43,27.56,722961.48,409324.0,0,0,0,0,0,1,8.666666666666666,0.05874680902777835,0.10376054177131075,1.766232813126032,6951.552692307692,3935.8076923076924,1.3831995585712257e-06,0.0024486905156565503,11499,0,400,100,10999,0,0,RSuccess
17,97,1,10,3353.66,22467.71,4.52,28.43,305655.58,179015.0,0,0,0,0,0,1,9.7,0.07350662467866609,0.12550741557970002,1.7074299919001201,3151.0884536082476,1845.5154639175257,3.271656287118985e-06,0.0043173069262510515,11499,0,400,100,10999,0,0,RSuccess
1138,6097,1205,5287,530991.11,3257109.68,-68.79,384.0,87899.96,520383.0,0,0,0,0,0,4,1.153205976924532,37.05473449589738,6.259062421331981,0.16891397297759536,14.41691979662129,85.35066426111202,4.550627781855646e-05,0.0018719050320712563,7400,0,400,0,0,7000,0,Success
201,571,71,168,75993.8,433918.46,8.58,2618368.0,561465.4,3206119191.0,1,0,0,1,10,1,3.3988095238095237,0.7728320569709193,0.000135340713850585,0.00017512305892310789,983.3019264448336,5614919.774080561,1.7810536499666764e-06,0.001315915437199883,3400,3000,400,0,0,0,0,RSuccess
20,103,4,18,5806.37,27403.55,5.4,28.24,420773.51,241306.0,0,0,0,0,0,1,5.722222222222222,0.06512660457166136,0.11356348370948091,1.7437341383968903,4085.179708737864,2342.776699029126,2.376575464553365e-06,0.0037586371108852684,11399,0,400,0,10999,0,0,RSuccess
182,604,43,206,70553.39,337965.44,53.04,1173.0,174149.2,2251489.0,0,0,0,0,0,1,2.9320388349514563,1.940666049571287,0.1501075243982982,0.07734845695448657,288.3264900662252,3727.630794701987,5.742202663003906e-06,0.0017871649834965374,11499,0,400,100,10999,0,0,Success
128,444,63,183,25433.16,89752.51,20.14,118.0,407954.59,301084.0,1,0,1,1,0,1,2.4262295081967213,0.2200061286232862,0.2980979062321478,1.354952737442043,918.8166441441442,678.1171171171171,2.4512532142364175e-06,0.004946936860038789,11399,0,400,0,10999,0,0,RSuccess
245,747,29,77,15249.95,278488.15,6.88,1991794.0,525041.46,2316631335.0,1,0,0,1,10,1,9.7012987012987,0.5304117316754376,0.00012021254560126203,0.00022664005794430816,702.8667469879517,3101246.767068273,1.9046114948712813e-06,0.002682340343745326,400,0,400,0,0,0,0,RSuccess
19,116,1,19,21251.02,72672.06,9.09,35.34,1042737.34,605507.0,0,0,0,0,0,1,6.105263157894737,0.0696935433423723,0.12001852992616105,1.7220896537942583,8989.115,5219.887931034483,9.590142806241118e-07,0.001596211804096375,11499,0,400,100,10999,0,0,RSuccess
79,1023,51,922,11222.19,206095.34,41.77,-38.8,24825.85,46133.0,0,0,0,0,0,2,1.1095444685466378,8.301642844051663,4.467416816595495,0.5381364749745301,24.26769305962854,45.095796676441836,8.056118924427564e-05,0.004963722129767708,400,0,400,0,0,0,0,10x
25,366,18,439,2511.92,75560.88,25.76,-88.85,10336.37,8104.0,0,0,0,0,0,2,0.8337129840546698,7.310194971735725,9.323899308983219,1.2754652023692006,28.241448087431696,22.14207650273224,0.0001934915255549095,0.0048437763032934495,400,0,400,0,0,0,0,2x
2,89,8,20,415.11,241670.53,-1.28,1642829.0,478219.5,1928404759.0,0,0,0,0,0,1,4.45,0.505354821373867,0.00012532147562492092,0.00024798709802395795,5373.252808988764,21667469.20224719,2.0910899701915125e-06,0.0003682699748289541,2500,2100,400,0,0,0,0,RSuccess
99,292,27,79,31896.61,301338.58,4.89,23998989.0,491479.55,2552995796.0,1,0,0,1,10,1,3.6962025316455698,0.6131253680849997,0.00011803332401570473,0.00019251091238381342,1683.1491438356163,8743136.287671233,2.034672653216192e-06,0.0009690096767562918,400,0,400,0,0,0,0,RSuccess
4,50,4,64,1956.45,8295.88,14.78,-31.26,26550.08,54969.0,0,0,0,0,0,2,0.78125,0.31246158203666424,0.15091924539285778,0.4830009641798105,531.0016,1099.38,7.532933987392882e-05,0.006027088144958703,400,0,400,0,0,0,0,Success
0,132,12,146,148.77,25808.69,-2.11,41.2,37198.16,107575.0,0,0,0,0,0,2,0.9041095890410958,0.693816307043144,0.23991345572856146,0.3457881478038578,281.80424242424243,814.9621212121212,5.3766100258722467e-05,0.005114556376166322,8869,0,400,0,0,7153,1316,4x
29,96,20,152,1974.21,9832.76,17.52,-49.66,2197.93,316511.0,1,0,1,1,0,4,0.631578947368421,4.473645657505016,0.031066092489676504,0.006944245223704705,22.895104166666666,3296.9895833333335,0.0018198941731538312,0.00976328111333949,0,0,0,0,0,0,0,2x
102,318,24,31,17470.32,214124.32,8.19,859299.0,408327.76,1443440469.0,1,0,0,1,10,1,10.258064516129032,0.5243932472286479,0.00014834302113501296,0.00028288507130667126,1284.0495597484278,4539120.971698113,2.4490130183654424e-06,0.0014851185516899714,3400,3000,400,0,0,0,0,RSuccess
90,134,23,28,30195.98,279628.46,2.61,2374929.0,505893.06,2743708887.0,1,0,0,1,0,1,4.785714285714286,0.5527422337044908,0.00010191622782027312,0.00018438292137951587,3775.321343283582,20475439.45522388,1.976702348911448e-06,0.00047920730243266365,14399,3000,400,0,10999,0,0,RSuccess
296,930,32,99,49201.58,426738.67,8.68,5652562.0,649905.55,5446583552.0,1,0,0,1,0,1,9.393939393939394,0.6566164421891765,7.834978861993229e-05,0.00011932352525122891,698.8231720430108,5856541.453763441,1.5386851212456947e-06,0.002179319722770847,500,0,400,100,0,0,0,RSuccess
35,527,40,322,5880.09,64667.81,17.55,119.0,47484.28,177593.0,1,0,0,1,0,2,1.6366459627329193,1.3618782889832173,0.36413490396580944,0.267376979948534,90.10299810246678,336.988614800759,4.211920239708805e-05,0.008149340452382723,400,0,400,0,0,0,0,3x
271,536,24,49,15450.46,320168.31,7.77,1612056.0,628747.68,2566942331.0,1,0,0,1,10,1,10.938775510204081,0.5092158908642016,0.00012472750405548554,0.00024494032156735664,1173.0367164179106,4789071.513059702,1.590463125048827e-06,0.0016741194654773923,400,0,400,0,0,0,0,RSuccess
278,1155,201,1028,45260.55,202382.77,50.39,59.23,40802.18,129568.0,1,0,1,1,30,2,1.1235408560311284,4.960096985014036,1.5619811218819462,0.3149093912077056,35.326562770562774,112.18008658008658,4.901698879814755e-05,0.005707007567887326,400,0,400,0,0,0,0,4x
397,877,98,382,65747.09,165653.61,12.01,294.0,65050.1,332393.0,1,1,1,1,500,2,2.2958115183246073,2.546554271246316,0.49836672252424086,0.19570237640383523,74.17343215507411,379.0114025085519,3.0745533058365784e-05,0.005294179824997475,400,0,400,0,0,0,0,2x
213,629,29,68,18210.7,269901.31,3.63,1823162.0,494382.93,2109133630.0,1,0,0,1,10,1,9.25,0.5459357385175091,0.00012796785664073831,0.00023440095163624128,785.98240063593,3353153.624801272,2.022723559650411e-06,0.002330481463761699,400,0,400,0,0,0,0,RSuccess
205,495,54,139,62192.06,404198.22,4.92,2871706.0,553418.24,3300194423.0,1,0,0,1,10,1,3.5611510791366907,0.7303666391624533,0.0001224770932230619,0.00016769261718129993,1118.0166464646466,6667059.440404041,1.8069516465521627e-06,0.0012246466597502584,3400,3000,400,0,0,0,0,RSuccess
1462,2151,100,290,34857.25,95192.38,-21.28,3513.0,11927.23,59122.0,0,0,0,0,0,1,7.417241379310345,7.981097035942127,1.610100808497683,0.20173928486857684,5.544969781496978,27.485820548582055,8.384176376241591e-05,0.022596346472270153,500,0,500,0,0,0,0,4x
260,845,250,696,41283.12,164696.36,-26.1,67.67,43508.64,147000.0,0,0,0,0,0,3,1.214080459770115,3.7853713653196235,1.120383401360544,0.2959771428571428,51.489514792899406,173.96449704142012,6.895182198294408e-05,0.005130653767939984,400,0,400,0,0,0,0,Success
41,518,87,688,9815.48,111629.61,8.58,-36.46,23001.75,41045.0,0,0,0,0,0,2,0.752906976744186,4.853092047344224,2.7196883907905955,0.5604032159824582,44.40492277992278,79.23745173745174,8.694990598541416e-05,0.004640345872389951,400,0,400,0,0,0,0,2x
67,497,64,323,7811.37,110016.66,13.23,559.0,81407.75,529021.0,1,0,0,1,0,2,1.5386996904024768,1.3514273518184694,0.2079627462803934,0.1538837777706367,163.79828973843058,1064.4285714285713,2.45676855090578e-05,0.0045174976226327905,8601,0,400,0,0,6900,1301,4x
30,159,64,158,4031.97,14951.96,-14.36,-21.98,26718.03,57243.0,1,0,1,1,0,2,1.0063291139240507,0.5596206007703413,0.2612015442936254,0.4667475499187673,168.0379245283019,360.0188679245283,7.485581833690584e-05,0.01063405734097737,400,0,400,0,0,0,0,3x
0,36,3,13,1940.81,82166.47,-2.86,19018.0,159024.47,4031030.0,0,0,0,0,0,1,2.769230769230769,0.5166907331934513,0.020383492556493008,0.03945008347742388,4417.346388888889,111973.05555555556,6.288340404467312e-06,0.0004381349229192881,7775,2400,100,100,0,5175,0,RSuccess
125,354,26,80,39306.65,422704.27,1.36,2192948.0,639112.84,5219295104.0,1,0,0,1,10,1,4.425,0.6613922355244811,8.098876602628676e-05,0.00012245194557215056,1805.4035028248586,14743771.48022599,1.5646689245047871e-06,0.0008374649255376578,3400,3000,400,0,0,0,0,RSuccess
3610,7835,281,717,71575.35,192164.24,10.35,78.03,43953.76,149183.0,1,1,0,1,1000,2,10.927475592747559,4.371963627230071,1.288110843728843,0.2946298170703096,5.609924696873006,19.040587109125717,4.550236430284917e-05,0.04077241426396504,400,0,400,0,0,0,0,Success
637,1100,223,382,5780.55,62176.85,11.45,96367.0,115012.53,340948103.0,0,0,0,0,0,1,2.8795811518324608,0.5406093579543029,0.00018236455769340355,0.0003373314853140567,104.55684545454545,309952.8209090909,8.694704829117315e-06,0.017691471986760347,3400,2900,400,100,0,0,0,RSuccess
23,824,59,751,3464.36,120080.55,-21.34,-83.47,12468.27,11955.0,1,0,0,1,0,2,1.0972037283621838,9.630891053851096,10.044378920953577,1.0429335006273526,15.131395631067962,14.508495145631068,0.00016040717757956796,0.006862060508550302,400,0,400,0,0,0,0,10x
316,1282,369,979,52477.8,214131.74,28.04,212.0,56244.88,245278.0,1,0,0,1,500,2,1.3094994892747702,3.807133022596901,0.8730164955682939,0.2293107412813216,43.87276131045242,191.3244929797192,3.555879219584076e-05,0.00598696858298541,400,0,400,0,0,0,0,4x
246,673,123,325,109586.01,623529.99,12.88,7112043.0,931411.44,11016649561.0,1,0,1,1,30,1,2.0707692307692307,0.6694463512279815,5.65988766863708e-05,8.454579905103691e-05,1383.9694502228826,16369464.429420505,1.07363937896232e-06,0.0010793386217076745,400,0,400,0,0,0,0,RSuccess
22,114,4,15,12580.8,50179.2,5.95,21.35,1007392.36,559415.0,0,0,0,0,0,1,7.6,0.049810979308995355,0.08969941814216636,1.8007961173726124,8836.775087719298,4907.149122807017,9.926618859805528e-07,0.0022718576621388945,11499,0,400,100,10999,0,0,RSuccess
264,1085,193,651,112893.81,358542.73,-31.23,556.0,81123.1,498268.0,0,0,0,0,0,2,1.6666666666666667,4.419736548529333,0.7195780784637985,0.16281017444427498,74.76783410138249,459.2331797235023,2.465389019896922e-05,0.003026138613938707,400,0,400,0,0,0,0,Success
222,648,21,53,13851.13,268820.48,7.39,1879293.0,514302.44,2229670389.0,0,0,0,0,0,1,12.226415094339623,0.5226894898651462,0.00012056512089240468,0.00023066299060941602,793.6766049382716,3440849.3657407407,1.9443812088466856e-06,0.0024105306262380013,400,0,400,0,0,0,0,RSuccess
24,182,18,109,10862.82,52543.48,61.4,105.0,47377.41,178993.0,0,0,0,1,0,2,1.6697247706422018,1.1090407854713882,0.2935504740408843,0.26468861910800984,260.3154395604396,983.478021978022,4.221421137204418e-05,0.0034637979821663884,500,0,500,0,0,0,0,4x
15,99,0,11,17703.84,61993.21,6.04,23.35,1240776.77,689079.0,0,0,0,0,0,1,9.0,0.04996322585891094,0.08996531602327164,1.800630653379366,12533.098686868687,6960.393939393939,8.0594674576314e-07,0.0015969490852304632,11499,0,400,100,10999,0,0,RSuccess
369,764,129,480,43737.71,138809.57,15.08,28789.0,46609.35,5566987.0,0,0,0,0,0,1,1.5916666666666666,2.9781485903579434,0.024934416049471646,0.00837245533355835,61.00700261780104,7286.63219895288,2.1454922671094965e-05,0.00550394327999143,3400,3000,400,0,0,0,0,2x
180,567,99,210,10024.07,391834.11,2.76,5023708.0,766378.61,7613537954.0,0,0,0,0,10,1,2.7,0.5112800708255675,5.146544384061791e-05,0.00010065998417954428,1351.6377601410934,13427756.532627866,1.304838087795796e-06,0.0014470409429133161,400,0,400,0,0,0,0,RSuccess
234,774,20,71,12757.54,273472.93,6.66,2047462.0,514597.85,2286354535.0,1,0,0,1,10,1,10.901408450704226,0.5314303781098192,0.00011961090277715832,0.00022507351424393154,664.8551033591731,2953946.427648579,1.9432650175277648e-06,0.0028302618471232237,400,0,400,0,0,0,0,RSuccess
282,626,20,32,57595.12,90280.78,-45.4,-47.25,167672.55,1522401.0,0,0,0,0,0,1,19.5625,0.5384350628650904,0.05930157691698836,0.11013691530680812,267.8475239616613,2431.950479233227,5.964005437980159e-06,0.006933923255869078,14299,2900,400,0,10999,0,0,2x
1,59,5,18,3853.63,43858.38,-5.05,15859.0,78678.66,1005598.0,0,0,0,0,0,1,3.2777777777777777,0.557436794170109,0.043614227554151855,0.07824066873641355,1333.5366101694915,17044.033898305086,1.2709926681516944e-05,0.001345238925833558,100,0,100,0,0,0,0,Success
49,126,51,124,1481.39,3638.9,-0.52,3.25,7673.0,41194.0,0,0,0,0,0,1,1.0161290322580645,0.4742473608757983,0.08833567995339127,0.18626499004709424,60.8968253968254,326.93650793650795,0.00013032712107389547,0.034625848470691695,11500,0,500,0,11000,0,0,Success
251,734,33,66,15450.12,336856.61,5.85,1694635.0,649689.32,2745936597.0,1,0,0,1,10,1,11.121212121212121,0.5184887601353829,0.00012267457681580256,0.0002366002626243449,885.1353133514986,3741058.0340599455,1.5391972273763099e-06,0.002178968671566219,400,0,400,0,0,0,0,RSuccess
849,3556,792,3266,170455.7,678832.69,-17.1,71.77,41385.07,126484.0,0,0,0,0,0,2,1.0887936313533375,16.402840203000743,5.366945147212295,0.3271960880427564,11.638096175478065,35.56917885264342,4.832660667240626e-05,0.005238404178796988,400,0,400,0,0,0,0,10x
61,110,25,31,23345.16,212256.74,11.12,833866.0,398615.08,1377564309.0,1,0,0,1,10,1,3.5483870967741935,0.5324854744582166,0.00015408118416923938,0.0002893622296946429,3623.7734545454546,12523311.9,2.508685822924712e-06,0.0005182403159494488,3400,3000,400,0,0,0,0,RSuccess
2642,3219,222,662,116864.84,349831.39,25.66,64.47,42163.98,135596.0,1,0,1,1,500,2,4.862537764350453,8.296925242825749,2.57995361220095,0.31095297796395177,13.0984715750233,42.12364088226157,4.743385230711142e-05,0.009201575650486939,400,0,400,0,0,0,0,2x
11,75,6,28,21691.88,90726.9,16.7,22120.0,92948.92,1403824.0,0,0,0,0,0,1,2.6785714285714284,0.9760941816214755,0.06462840071120025,0.06621123445674101,1239.3189333333332,18717.653333333332,1.0758597302690553e-05,0.0008266567026978768,100,0,100,0,0,0,0,2x
164,519,112,315,57407.1,471710.74,7.32,4638140.0,733441.52,7029301003.0,1,0,1,0,0,1,1.6476190476190475,0.6431470364535675,6.710635094423769e-05,0.00010434060508818418,1413.182119460501,13543932.56840077,1.3634352197568526e-06,0.0011002505476131411,3998,0,400,0,0,3598,0,RSuccess
515,2763,550,2244,114699.15,592342.67,-38.89,50.04,39682.53,114306.0,0,0,0,0,0,2,1.231283422459893,14.927038926197499,5.182078543558519,0.34716051650831975,14.362117263843647,41.37024972855592,5.0400012297603005e-05,0.0046645297391795185,400,0,400,0,0,0,0,2x
30,158,3,22,15270.64,74644.2,5.25,27.2,1136666.5,653687.0,0,0,0,0,0,1,7.181818181818182,0.06566939379316625,0.11418951271786038,1.7388543752591072,7194.091772151899,4137.2594936708865,8.797655248923057e-07,0.002116708330988878,11499,0,400,100,10999,0,0,RSuccess
164,420,46,110,40969.87,307782.17,12.06,1975206.0,520634.5,2276134930.0,1,0,0,1,10,1,3.8181818181818183,0.5911674504858975,0.0001352214079856856,0.00022873621995687224,1239.6059523809524,5419368.880952381,1.920733259129005e-06,0.0013646014647307218,400,0,400,0,0,0,0,RSuccess
158,539,79,204,7795.73,279474.26,4.51,2756346.0,547250.99,3771158887.0,0,0,0,0,0,1,2.642156862745098,0.5106875366273892,7.410832276608875e-05,0.00014511480592517396,1015.3079591836735,6996584.20593692,1.8273151045373166e-06,0.001928621261936609,400,0,400,0,0,0,0,RSuccess
104,418,19,91,13871.98,296709.87,5.86,1751077.0,494406.99,2056369670.0,1,0,0,1,10,1,4.593406593406593,0.6001328379277162,0.0001442881960032021,0.0002404270969431289,1182.7918421052632,4919544.665071771,2.0226251251018925e-06,0.001408783603996726,400,0,400,0,0,0,0,RSuccess
24,109,2,11,18863.43,62561.87,7.03,26.29,1117552.41,629091.0,0,0,0,0,0,1,9.909090909090908,0.055981150807951824,0.09944804487745017,1.7764558863503053,10252.774403669724,5771.477064220184,8.948126200184205e-07,0.0017422752868480433,11499,0,400,100,10999,0,0,RSuccess
204,1218,261,986,22797.84,138135.33,-44.3,-37.87,24811.93,46975.0,1,0,1,1,0,2,1.2352941176470589,5.567294845664968,2.940613730707823,0.5281943587014369,20.371042692939245,38.56732348111658,8.0606385718483e-05,0.008817440114704906,400,0,400,0,0,0,0,Success
171,556,73,188,9613.05,361645.15,3.6,4367296.0,706800.55,6309347068.0,1,0,1,0,0,1,2.9574468085106385,0.5116650659086216,5.731895013894646e-05,0.00011202435725636008,1271.224010791367,11347746.525179856,1.4148262901040468e-06,0.0015374186547227303,400,0,400,0,0,0,0,RSuccess
185,770,58,364,16058.63,90234.1,49.61,225.0,56684.74,246043.0,0,0,0,0,0,2,2.1153846153846154,1.591858761282137,0.3667411793873429,0.23038550172124383,73.61654545454545,319.53636363636366,3.528286448874953e-05,0.008533359339761798,400,0,400,0,0,0,0,10x
15,105,5,28,8096.57,39150.1,2.78,15.13,985048.95,533834.0,0,0,0,0,0,1,3.75,0.03974431930514722,0.07333759183566427,1.845234567299947,9381.41857142857,5084.133333333333,1.0151779766883667e-06,0.0026819854866271097,11499,0,400,100,10999,0,0,RSuccess
18,97,0,12,6676.32,34615.24,8.61,52.21,322158.47,204880.0,0,0,0,0,0,1,8.083333333333334,0.10744786564202394,0.16895372901210465,1.5724251757126122,3321.2213402061852,2112.1649484536083,3.1040624199636908e-06,0.0028022339293328606,11499,0,400,100,10999,0,0,RSuccess
273,958,239,809,62974.79,177624.14,43.99,19.23,34667.67,90175.0,1,0,0,1,10,3,1.1841779975278122,5.123624979700107,1.9697714444136403,0.384448794011644,36.187546972860126,94.12839248434238,8.653595698816795e-05,0.005393411053249857,400,0,400,0,0,0,0,2x
161,606,91,231,9326.45,309326.31,4.49,2917070.0,602805.01,4565287448.0,0,0,0,0,0,1,2.6233766233766236,0.5131448890910844,6.775615194515568e-05,0.00013204097592235556,994.7277392739275,7533477.636963696,1.6589112290224662e-06,0.0019590962049106007,400,0,400,0,0,0,0,RSuccess
372,1022,414,823,49903.84,124662.11,-1.75,76.47,42057.61,134627.0,1,0,1,1,500,2,1.2417982989064398,2.9640797468044426,0.9259814895971833,0.3124010042562042,41.1522602739726,131.7289628180039,4.755381962978876e-05,0.008198160611913275,400,0,400,0,0,0,0,2x
36,157,5,21,18251.97,73768.87,6.58,27.31,1135105.04,651400.0,0,0,0,0,0,1,7.476190476190476,0.06498858466878095,0.11324665336198955,1.742562235185754,7229.968407643312,4149.044585987262,8.809757377167491e-07,0.002128269011034058,11499,0,400,100,10999,0,0,RSuccess
162,543,81,197,10443.08,344320.47,4.65,3683984.0,677332.68,5768978674.0,1,0,1,1,0,1,2.7563451776649748,0.508347640925874,5.968482281825817e-05,0.00011740946158332081,1247.3898342541438,10624270.11786372,1.476379376822627e-06,0.0015770192228187886,400,0,400,0,0,0,0,RSuccess
58,254,56,128,7429.66,17128.57,-10.64,24.61,37520.21,112333.0,0,0,1,1,200,2,1.984375,0.4565158350659551,0.15248030409585786,0.3340087952783243,147.7173622047244,442.255905511811,5.330460570449899e-05,0.014829025423605122,500,0,500,0,0,0,0,4x
133,468,59,115,53825.81,323390.91,9.59,1994374.0,540000.69,2416562639.0,0,0,0,0,0,1,4.069565217391304,0.5988712903311291,0.00013382268879809492,0.00022345818034473052,1153.847628205128,5163595.382478632,1.8518494855997316e-06,0.0014471649806112362,400,0,400,0,0,0,0,RSuccess
173,522,54,126,66918.41,445273.27,17.75,1928995.0,725242.01,3273018840.0,1,0,0,1,10,1,4.142857142857143,0.6139650818076575,0.00013604360126445223,0.00022158198453877523,1389.3525095785442,6270151.0344827585,1.3788500751631859e-06,0.001172313801814333,400,0,400,0,0,0,0,RSuccess
17,373,18,350,2433.46,127152.71,-20.38,-56.51,21577.23,35336.0,0,0,0,0,0,2,1.0657142857142856,5.892911648066041,3.598390027167761,0.610630235453928,57.84780160857909,94.73458445040214,9.269030362099306e-05,0.002933480536907157,400,0,400,0,0,0,0,4x
158,400,47,89,63515.66,420794.63,14.11,1811614.0,702949.34,3063488188.0,1,0,0,1,10,1,4.49438202247191,0.598613023806239,0.00013735800635638032,0.00022946043753441754,1757.3733499999998,7658720.47,1.4225776213119427e-06,0.0009505824729749997,400,0,400,0,0,0,0,RSuccess
25,288,0,112,17794.14,410735.22,29.61,66.82,150364.37,2766047525.0,1,0,1,1,0,23,2.5714285714285716,2.731599380890566,0.0001484917436478247,5.436073264865541e-05,522.0985069444445,9604331.684027778,0.00015296176880201076,0.0007011816517706955,17453,0,0,100,10999,5000,1354,Success
71,599,70,542,15629.59,194905.37,-33.61,-80.1,14770.62,16245.0,0,0,0,0,0,2,1.1051660516605166,13.195476560902655,11.997868267159125,0.9092409972299169,24.658797996661104,27.120200333889816,0.00013540393023447897,0.0030732862824662042,400,0,400,0,0,0,0,Success
22,96,6,14,5681.22,32991.67,6.91,46.49,319912.07,200387.0,0,0,0,0,0,1,6.857142857142857,0.1031273062001068,0.16463977204110047,1.5964711782700476,3332.4173958333336,2087.3645833333335,3.125858927423401e-06,0.0029098254195680305,11499,0,400,100,10999,0,0,RSuccess
670,2292,525,1765,3586.95,67814.49,9.03,360496.0,125680.65,1307823101.0,0,0,0,0,0,1,1.2985835694050991,0.5395778109040652,5.1852953161744165e-05,9.609912067151963e-05,54.83448952879581,570603.4472076789,7.956674317009023e-06,0.033798086515138576,3400,2900,400,100,0,0,0,RSuccess
87,725,89,536,16787.14,143992.93,32.2,6.23,32832.37,81030.0,0,0,0,0,0,2,1.3526119402985075,4.385700148968837,1.7770323337035665,0.4051878316672838,45.2860275862069,111.76551724137931,6.091549285050089e-05,0.005034969425234975,0,0,0,0,0,0,0,Success
39,246,17,173,5689.78,20926.26,9.3,42.79,37706.9,108653.0,1,0,0,1,0,2,1.4219653179190752,0.554971636490934,0.19259716712838115,0.34703965836194123,153.280081300813,441.6788617886179,5.3040690165460434e-05,0.011755564539482928,400,0,400,0,0,0,0,Success
138,724,126,473,69246.39,192019.17,14.6,1025.0,108318.22,888124.0,0,0,0,0,0,2,1.5306553911205074,1.7727319558980936,0.21620761290090124,0.12196294661556269,149.61080110497238,1226.6906077348067,1.846411434752159e-05,0.003770456876779542,3082,0,400,0,0,2682,0,4x
150,378,33,80,50036.59,380095.41,13.46,1689142.0,663301.54,2739958172.0,1,0,0,1,10,1,4.725,0.573035621174647,0.00013872307025860684,0.00024208454960311708,1754.765978835979,7248566.592592592,1.507609947656687e-06,0.0009944871473191428,400,0,400,0,0,0,0,RSuccess
34,237,19,270,5804.67,22737.85,44.62,10.42,33586.72,86229.0,0,0,0,0,0,2,0.8777777777777778,0.6769892981511739,0.263691449512345,0.38950608264041103,141.7161181434599,363.8354430379747,5.954734490298546e-05,0.010423149066424487,5290,0,400,0,0,4890,0,Success
1121,4160,1037,3484,304116.22,872206.82,-50.94,39.16,39430.02,107802.0,0,0,0,0,0,3,1.1940298507462686,22.120374780433792,8.090822248195765,0.36576334390827625,9.478370192307692,25.91394230769231,7.608416125581474e-05,0.004769510974472775,400,0,400,0,0,0,0,10x
139,438,31,110,72948.68,492487.7,9.98,1871775.0,577495.99,4156543685.0,1,0,0,1,0,1,3.981818181818182,0.8527984757088963,0.00011848490893462124,0.00013893658620359238,1318.48399543379,9489825.764840182,1.731613755447895e-06,0.0008893623130080203,3400,3000,400,0,0,0,0,RSuccess
736,2388,560,1769,3905.81,66336.45,8.57,362995.0,124585.28,1299771542.0,0,0,0,0,0,1,1.3499152063312605,0.5324581684128333,5.1037007548208036e-05,9.585167544774572e-05,52.171390284757116,544292.9405360135,8.026630433386673e-06,0.035998308622182826,3400,2900,400,100,0,0,0,RSuccess
174,586,106,239,9261.23,334625.59,3.71,3583250.0,657313.62,5761850616.0,1,0,0,1,10,1,2.4518828451882846,0.5090805664425454,5.8076061373542564e-05,0.0001140802953437764,1121.6955972696246,9832509.583617747,1.5213437993267202e-06,0.0017512109578947622,400,0,400,0,0,0,0,RSuccess
25,130,0,17,9948.7,49247.43,4.81,20.21,938433.56,524512.0,0,0,0,0,0,1,7.647058823529412,0.05247833421473119,0.09389190333109633,1.7891555579281313,7218.719692307693,4034.7076923076925,1.0656055395120353e-06,0.00263973165706312,11499,0,400,100,10999,0,0,RSuccess
23,121,2,12,3166.99,29536.06,4.45,46.8,298103.31,185755.0,0,0,0,0,0,1,10.083333333333334,0.09907994647895725,0.15900546418669753,1.6048198433420366,2463.6637190082643,1535.1652892561983,3.354541752656151e-06,0.0040966872358737085,11499,0,400,100,10999,0,0,RSuccess
224,666,33,79,10735.24,251528.09,3.95,1754556.0,475754.27,2015046943.0,1,0,0,1,0,1,8.430379746835444,0.5286932895000606,0.0001248249282101216,0.00023610083708109427,714.3457507507508,3025596.0105105103,2.1019254330602223e-06,0.0026478155978523115,400,0,400,0,0,0,0,RSuccess
1175,2927,722,2005,13271.18,78796.08,33.31,153024.0,131478.23,461334465.0,1,0,0,1,0,1,1.4598503740648379,0.5993089502345749,0.00017080033246594746,0.0002849954641910398,44.91910830201572,157613.41475913906,7.605821891578552e-06,0.03714651794860861,3400,2900,400,100,0,0,0,RSuccess
21,118,7,21,15908.45,55066.8,6.52,26.8,966914.92,544687.0,0,0,0,0,0,1,5.619047619047619,0.05695102936254205,0.10109806182266146,1.7751753208723542,8194.194237288137,4615.9915254237285,1.0342171573896077e-06,0.002142851954353621,11499,0,400,100,10999,0,0,RSuccess
849,2828,565,1873,56465.88,163336.68,7.27,49.77,45922.07,27880223.0,0,0,0,0,0,1,1.5098772023491724,3.5568231135922224,0.005858514115902157,0.001647119895705282,16.238355728429987,9858.636138613861,2.1776021856157617e-05,0.017313930955373896,3500,3000,500,0,0,0,0,Success
3873,10218,1407,3070,43464.17,94956.69,33.12,55.28,37621.08,115173.0,1,1,1,1,0,2,3.3283387622149836,2.5240288157596753,0.8244700580865307,0.32664843322653747,3.6818438050499123,11.271579565472695,5.316168488517607e-05,0.10760695217998859,400,0,400,0,0,0,0,Failure
222,716,36,82,12924.08,261436.89,6.04,1911601.0,492978.52,2170225872.0,1,0,0,1,0,1,8.731707317073171,0.5303210573961722,0.00012046529044420129,0.000227155397214802,688.5174860335196,3031041.720670391,2.0284859470144865e-06,0.00273871066933209,400,0,400,0,0,0,0,RSuccess
319,2022,263,1825,49994.55,367623.27,12.48,46.6,34592.8,93387.0,0,0,0,0,0,3,1.107945205479452,10.627161432436807,3.9365572295929843,0.3704241489714843,17.1082096933729,46.18545994065282,8.672324876852985e-05,0.005500195893475404,400,0,400,0,0,0,0,Failure
150,540,75,209,10881.15,269119.67,5.45,2836656.0,520738.12,3631042453.0,1,0,0,1,0,1,2.583732057416268,0.5168042431769735,7.411636561220893e-05,0.00014341284265893434,964.3298518518518,6724152.690740741,1.9203510586088837e-06,0.002006542293991368,400,0,400,0,0,0,0,RFailure
223,1160,207,980,36377.74,152729.58,-35.62,-47.41,22282.64,39709.0,1,0,1,1,310,2,1.183673469387755,6.854195912154035,3.846220755999899,0.5611483542773679,19.2091724137931,34.23189655172414,8.975597146478155e-05,0.00759512335462456,400,0,400,0,0,0,0,Success
498,2088,440,1364,75703.03,415601.9,-21.08,117.0,42200.61,139406.0,1,0,1,1,0,2,1.530791788856305,9.84824389979197,2.98123394975826,0.3027173148931897,20.211020114942528,66.76532567049809,4.7392679868845496e-05,0.0050240386292747935,400,0,400,0,0,0,0,Success
780,4207,1116,3859,10189.35,102946.84,12.75,150799.0,130188.85,453897246.0,1,0,0,1,0,1,1.0901788027986525,0.7907500527118874,0.00022680648738723566,0.0002868244986002845,30.94576895650107,107890.95459947706,7.6811493457389e-06,0.040865751683101685,3400,2900,400,100,0,0,0,RFailure
149,463,87,194,10540.72,337607.44,4.04,4254150.0,656251.0,5785981993.0,1,0,0,1,0,1,2.38659793814433,0.5144486484592024,5.834920336918511e-05,0.00011342085073786023,1417.388768898488,12496721.367170626,1.5238072018175972e-06,0.0013714152744975052,400,0,400,0,0,0,0,RSuccess
662,2291,235,815,5727.77,69608.48,10.26,115619.0,120577.07,390373521.0,0,0,0,0,0,1,2.8110429447852763,0.5772945054976041,0.00017831250393645422,0.00030887614941485747,52.63075949367089,170394.3784373636,8.293450819463435e-06,0.03291265661884874,3400,2900,400,100,0,0,0,RSuccess
1053,3305,211,666,2316.04,85160.02,34.85,75429.0,27051.02,196439517.0,0,0,0,0,0,1,4.9624624624624625,3.148126022604693,0.0004335177631290959,0.00013770661022344095,8.18487745839637,59437.07019667171,3.696718275318269e-05,0.03880929102646993,3100,2500,500,100,0,0,0,RFailure
131,476,81,201,5605.16,425436.62,12.02,334205.0,178354.73,427679067.0,1,0,0,1,0,1,2.3681592039800994,2.3853397103626013,0.000994756706200914,0.00041702936562008544,374.6948109243698,898485.4348739496,5.606803923843231e-06,0.0011188505587506783,400,0,400,0,0,0,0,RFailure
220,675,93,221,116688.73,359502.88,38.69,247986.0,132072.12,223323747.0,0,0,0,0,0,1,3.0542986425339365,2.722019454219407,0.0016097834862138507,0.0005913930863787629,195.6624,330849.99555555556,7.571620717529181e-06,0.0018775927469621384,600,0,500,100,0,0,0,Success
1664,6466,1181,4360,36182.53,139840.68,-14.87,165831.0,136745.59,497471725.0,1,0,0,1,0,1,1.4830275229357799,1.0226339291819209,0.0002811027702127191,0.00027488113017880566,21.148405505722238,76936.54887101763,7.3128500889864166e-06,0.04623833350924781,3400,2900,400,100,0,0,0,RFailure
1162,3164,225,628,10498.06,62628.31,40.04,1516385.0,121437.9,3943102432.0,0,0,0,0,0,1,5.038216560509555,0.5157229332852429,1.588300356890145e-05,3.07975514443851e-05,38.38113147914033,1246239.7067003793,8.234661501886973e-06,0.0505202838780098,3400,2900,400,100,0,0,0,RSuccess
268,779,45,97,16036.76,266412.28,5.72,1983784.0,497332.54,2218378635.0,1,0,0,1,0,1,8.030927835051546,0.535682382656884,0.00012009324098092931,0.00022418740072296088,638.4243132220796,2847726.103979461,2.010727068049881e-06,0.002924039387373585,400,0,400,0,0,0,0,RSuccess
952,2275,695,1809,124780.85,292327.1,41.55,190.0,51237.44,208115.0,1,0,1,1,50,2,1.257600884466556,5.705341640800164,1.4046421449679263,0.2461977272181246,22.52195164835165,91.47912087912088,3.9033956419368335e-05,0.007782378027900938,400,0,400,0,0,0,0,Success
57,906,53,727,8317.23,195446.01,39.35,-0.98,30902.33,79949.0,0,0,0,0,0,2,1.2462173314993124,6.3246366859715755,2.444633578906553,0.3865255350285807,34.108532008830025,88.2439293598234,6.472003890968739e-05,0.004635551270655257,4032,0,400,0,0,3632,0,Success
152,418,101,381,1494.69,158833.74,0.02,1368.0,172205.8,2630846.0,0,0,0,0,0,1,1.0971128608923884,0.9223483761870971,0.060373636465228295,0.06545643492625565,411.97559808612436,6293.88995215311,5.807005338960709e-06,0.002631682663897482,13999,2500,400,100,10999,0,0,3x
23,114,4,20,18810.95,56714.66,9.1,32.29,854829.49,492442.0,0,0,0,0,0,1,5.7,0.06634616688294177,0.11517023324574266,1.7358988266638506,7498.504298245614,4319.666666666667,1.1698239376369666e-06,0.0020100623013520665,11499,0,400,100,10999,0,0,RSuccess
133,475,62,174,9999.23,244715.68,7.75,2939100.0,476245.01,3389563576.0,1,0,0,1,0,1,2.7298850574712645,0.5138440820618781,7.219681074363775e-05,0.00014050334189689794,1002.6210736842105,7135923.317894737,2.099759533438471e-06,0.0019410280534537061,400,0,400,0,0,0,0,RSuccess
129,460,79,196,5943.03,298399.39,3.07,3524658.0,584485.14,5108024946.0,1,0,1,1,10,1,2.3469387755102042,0.5105337494123461,5.8417762864230146e-05,0.00011442487970966147,1270.6198695652174,11104402.05652174,1.710907483464849e-06,0.0015415581110939938,400,0,400,0,0,0,0,RSuccess
255,466,51,91,30030.27,248352.67,9.36,1830409.0,430737.36,1985815591.0,1,0,0,1,10,1,5.1208791208791204,0.576575642289306,0.00012506330956689522,0.00021690702900720654,924.3290987124464,4261406.847639485,2.3216003366877673e-06,0.0018763639625859467,400,0,400,0,0,0,0,RSuccess
663,1681,502,1432,2997.78,53678.78,8.51,337786.0,100998.16,1018528937.0,0,0,0,0,0,1,1.1738826815642458,0.5314827517649826,5.270226308749439e-05,9.916081549679133e-05,60.082189173111246,605906.5657346818,9.901170476769082e-06,0.03131591291754395,3400,2900,400,100,0,0,0,RSuccess
16,103,0,14,12469.16,44305.6,6.18,25.48,780141.42,439469.0,0,0,0,0,0,1,7.357142857142857,0.05679175450010076,0.10081621229256216,1.7751910146108145,7574.188543689321,4266.689320388349,1.2818188784284776e-06,0.0023247625582319166,11499,0,400,100,10999,0,0,RFailure
730,2019,261,712,6090.7,62043.4,13.25,117673.0,108953.74,357091461.0,0,0,0,0,0,1,2.835674157303371,0.5694471800600879,0.0001737465237232318,0.0003051143807664446,53.964210004952946,176865.50817236255,9.178207191419037e-06,0.03254173691319302,3400,2900,400,100,0,0,0,RSuccess
130,468,59,164,8193.3,306540.95,3.85,4453897.0,600827.11,5425173977.0,1,0,1,0,0,1,2.8536585365853657,0.5101982665196316,5.650343220320287e-05,0.00011074798938194493,1283.818611111111,11592252.087606838,1.6643723017092223e-06,0.0015267128258067968,400,0,400,0,0,0,0,RSuccess
19,112,3,13,8264.33,66223.76,3.65,28.63,847148.04,502451.0,0,0,0,0,0,1,8.615384615384615,0.07817259424928846,0.13180142939311493,1.686031155276833,7563.821785714286,4486.169642857143,1.18043122663661e-06,0.0016912358947906313,11499,0,400,100,10999,0,0,RSuccess
274,728,26,83,11586.69,225061.69,8.15,1894790.0,428573.5,1839337319.0,1,0,0,1,0,1,8.771084337349398,0.5251414051498751,0.00012236020422961907,0.00023300429756571475,588.6998626373627,2526562.2513736263,2.3333220556100647e-06,0.0032346686812846736,400,0,400,0,0,0,0,RSuccess
13,65,1,23,545.14,5777.16,11.29,520.0,13062.41,25694.0,0,0,0,0,0,1,2.8260869565217392,0.4422736692539891,0.22484471082743052,0.5083836693391454,200.96015384615384,395.2923076923077,7.65555513875311e-05,0.011251203013245262,2700,2200,400,100,0,0,0,4x
75,256,2,13,1191.94,157301.11,0.81,1356262.0,313740.06,990165173.0,1,0,0,0,0,1,19.692307692307693,0.5013740036895511,0.00015886350508916556,0.0003168562867641882,1225.547109375,3867832.70703125,3.1873519753900728e-06,0.001627451961400654,14399,3000,400,0,10999,0,0,RSuccess
233,1691,248,1284,30018.03,260403.85,-24.62,44.32,34183.22,103492.0,0,0,0,0,0,2,1.3169781931464175,7.617885325022043,2.516173713910254,0.33029818729950144,20.21479597871082,61.20165582495565,5.850823883765192e-05,0.00649375959687232,400,0,400,0,0,0,0,4x
397,1983,310,1800,46766.51,269646.69,26.78,27.15,30283.61,80524.0,1,0,1,0,0,2,1.1016666666666666,8.904047106669251,3.3486499677114896,0.37608178928021463,15.271613716591023,40.60716086737267,6.604232454453085e-05,0.00735406765052447,400,0,400,0,0,0,0,2x
224,659,21,63,13632.13,285268.48,9.77,1642138.0,555840.34,2308521090.0,1,0,0,1,10,1,10.46031746031746,0.5132201811764867,0.00012357196182253633,0.0002407776746800264,843.4603034901365,3503066.904400607,1.7990777711455776e-06,0.0023101045022569616,400,0,400,0,0,0,0,RSuccess
121,512,91,325,43649.94,143777.55,7.22,59.18,34627.71,108152.0,1,1,1,1,0,2,1.5753846153846154,4.152095243953469,1.329402600044382,0.3201763259116798,67.63224609375,211.234375,5.77572123596969e-05,0.0035610566461871137,400,0,400,0,0,0,0,Success
207,587,64,187,64519.87,412936.64,8.43,6349599.0,507843.18,3851906028.0,1,0,0,1,10,1,3.1390374331550803,0.8131184118687979,0.00010720319680654473,0.00013184204814666367,865.1502214650767,6562020.490630324,1.9691118033720567e-06,0.0014215255880417877,3300,2900,400,0,0,0,0,RSuccess
19,103,3,13,14040.55,49155.88,7.82,30.61,794473.28,453283.0,0,0,0,0,0,1,7.923076923076923,0.06187228851799773,0.10844412872311558,1.7527091905057106,7713.3328155339805,4400.805825242718,1.2586955724930106e-06,0.002095374958194218,11499,0,400,100,10999,0,0,RSuccess
60,423,50,331,3760.63,52256.73,7.31,3115.0,19622.67,56796.0,0,0,0,0,0,1,1.2779456193353473,2.6630794891826652,0.9200776463131207,0.3454938728079442,46.38929078014184,134.2695035460993,5.0961464469412166e-05,0.008094651157850864,14149,0,400,0,10999,2750,0,RFailure
191,542,82,217,96579.89,439723.76,8.23,1141284.0,479314.65,1719626759.0,1,0,0,1,10,1,2.4976958525345623,0.9174010433438661,0.00025570883780368065,0.00027873179310069113,884.344372693727,3172743.0977859776,2.0863121959656355e-06,0.0012325920255025565,400,0,400,0,0,0,0,RSuccess
14,80,2,36,1207.37,13087.86,17.5,474.0,28361.22,169886.0,0,0,0,0,0,1,2.2222222222222223,0.46147027525614204,0.0770390732608926,0.16694265566320945,354.51525000000004,2123.575,3.525941408726423e-05,0.006112534822346816,16847,0,500,0,11000,4000,1347,4x
410,1060,295,688,105512.07,246211.26,1.28,431.0,61383.87,338450.0,0,0,0,0,0,2,1.5406976744186047,4.011009081050119,0.7274671591076969,0.18136761707785493,57.90931132075472,319.29245283018867,3.258184927082636e-05,0.004305245828318331,400,0,400,0,0,0,0,4x
17,109,4,14,3021.37,10119.14,4.74,19.02,233680.05,127725.0,0,0,0,0,0,1,7.785714285714286,0.04330339710214886,0.07922599334507731,1.829556077510276,2143.8536697247705,1171.788990825688,4.279355469155369e-06,0.010771666366904699,11499,0,400,100,10999,0,0,RFailure
1065,3553,1089,3549,28046.81,231339.15,-10.39,33.71,34356.1,106307.0,1,1,1,1,0,2,1.0011270780501549,6.733568420164105,2.1761422107669297,0.3231781538374707,9.66960315226569,29.920349000844357,5.8213825201347074e-05,0.01535840345224749,400,0,400,0,0,0,0,Success
257,1565,183,1288,30288.88,203553.0,50.92,-27.67,22186.94,43690.0,0,0,0,0,0,2,1.2150621118012421,9.174451276291368,4.65902952620737,0.5078265049210345,14.176958466453673,27.916932907348244,9.014312023199234e-05,0.007688415302157177,400,0,400,0,0,0,0,4x
259,796,24,86,11486.63,227603.18,7.63,1879709.0,424278.49,1819163160.0,1,0,0,1,10,1,9.255813953488373,0.536447605439531,0.00012511422010107109,0.00023322728787009955,533.0131783919597,2285380.854271357,2.356942488411326e-06,0.0034973149320672936,400,0,400,0,0,0,0,RSuccess
98,429,74,183,7251.62,292016.27,3.88,3722588.0,566586.36,4877025852.0,0,0,0,0,0,1,2.3442622950819674,0.5153958701017795,5.9875891344772804e-05,0.0001161745656459153,1320.7141258741258,11368358.62937063,1.764956007765524e-06,0.00146909622535758,400,0,400,0,0,0,0,RSuccess
216,498,51,125,61109.81,349583.61,8.75,2933652.0,480957.79,2924539667.0,1,0,0,1,10,1,3.984,0.7268488363604632,0.00011953457631115112,0.00016445589554727006,965.7786947791164,5872569.612449799,2.079184537171131e-06,0.0014245519119160078,3400,3000,400,0,0,0,0,RSuccess
19,106,0,10,15201.25,50078.31,7.99,30.28,786262.69,450104.0,0,0,0,0,0,1,10.6,0.06369157615758164,0.11125942004514512,1.746846706538933,7417.572547169811,4246.264150943396,1.2718395680201996e-06,0.002116684848190764,11499,0,400,100,10999,0,0,RSuccess
182,706,82,233,7186.83,303094.71,3.97,3757379.0,592979.21,5102515171.0,0,0,0,0,0,1,3.0300429184549356,0.5111388475154129,5.9401040436416574e-05,0.00011621312041758944,839.913895184136,7227358.599150142,1.6863997643357514e-06,0.0023293049225438477,400,0,400,0,0,0,0,RFailure
488,2782,447,2494,54639.46,383620.52,42.87,40.55,34591.99,100859.0,1,0,1,1,0,2,1.115477145148356,11.089865601834415,3.8035328527944956,0.3429737554407638,12.434216391085549,36.25413371675054,5.7816852976657314e-05,0.007251958263337946,400,0,400,0,0,0,0,Failure
794,2130,284,734,8231.08,72950.25,13.07,129436.0,124259.67,448133013.0,0,0,0,0,0,1,2.9019073569482288,0.5870790579115492,0.0001627870473358766,0.0002772830083821564,58.33787323943662,210391.08591549296,8.04766341323778e-06,0.029197980815692887,3400,2900,400,100,0,0,0,RSuccess
15,170,39,227,3264.46,15120.82,-32.7,-65.17,15949.27,22703.0,0,0,0,0,0,2,0.748898678414097,0.9480571838084125,0.6660273972602739,0.7025181694049245,93.81923529411765,133.54705882352943,0.00012539758872976632,0.011242776516088413,400,0,400,0,0,0,0,Success
279,752,32,86,13804.24,244500.25,6.89,1942877.0,453470.61,1997073862.0,0,0,0,1,0,1,8.744186046511627,0.539175515696596,0.00012242924743661784,0.00022706752045007736,603.0194281914894,2655683.3271276597,2.2052145782942802e-06,0.0030756614768287557,400,0,400,0,0,0,0,RFailure
726,2392,541,1785,3292.42,57401.81,8.87,363098.0,107693.19,1125528646.0,0,0,0,0,0,1,1.3400560224089635,0.5330124402480788,5.0999865888797645e-05,9.568231815576554e-05,45.02223662207358,470538.73160535115,9.285638209806953e-06,0.0416711598467017,3400,2900,400,100,0,0,0,RSuccess
24,114,3,13,17509.6,55681.95,7.69,29.27,885015.45,504688.0,0,0,0,0,0,1,8.76923076923077,0.06291635925677908,0.1103294510667977,1.7535892472180832,7763.293421052631,4427.087719298245,1.1299237770368867e-06,0.002047342092006476,11499,0,400,100,10999,0,0,RSuccess
837,2668,863,2373,105267.88,314527.67,-39.49,-15.13,25466.9,55462.0,1,0,1,1,0,2,1.124315212810788,12.35044979954372,5.671048105008834,0.4591774548339404,9.545314842578712,20.78785607196402,7.853331186756141e-05,0.008482560532750585,400,0,400,0,0,0,0,2x
182,665,72,200,7542.23,244338.06,4.35,2804594.0,475564.69,3305093892.0,0,0,0,0,0,1,3.325,0.5137851172255871,7.392772126426477e-05,0.00014388840545532071,715.1348721804511,4970066.003007519,2.10276334855727e-06,0.0027216390275014873,400,0,400,0,0,0,0,RSuccess
168,629,73,193,7037.22,297027.73,3.97,3708658.0,585509.69,5004120521.0,0,0,0,0,0,1,3.2590673575129534,0.5072977186765261,5.935662995195874e-05,0.00011700551326509507,930.8580127186009,7955676.5039745625,1.707913664076166e-06,0.002117647399453243,400,0,400,0,0,0,0,RFailure
12,81,1,10,991.22,9607.23,1.25,12.72,284707.66,152680.0,0,0,0,0,0,1,8.1,0.03374419220051895,0.06292395860623526,1.8647344773382235,3514.909382716049,1884.9382716049383,3.5123747636435215e-06,0.008431150289937892,11499,0,400,100,10999,0,0,RSuccess
201,487,9,18,23429.17,44874.82,-6.31,0.97,206073.72,2587091.0,0,0,0,0,0,1,27.055555555555557,0.21776100319827293,0.017345667392449665,0.07965460820666918,423.1493223819302,5312.301848049281,4.852632349238903e-06,0.010852411218585389,14299,2900,400,0,10999,0,0,Failure
183,672,82,236,5975.15,301427.62,3.23,3509925.0,597257.05,5187720694.0,0,0,0,0,10,1,2.847457627118644,0.5046865834400782,5.810405721121886e-05,0.00011512899117540657,888.7753720238096,7719822.461309524,1.6743209644825456e-06,0.0022293909231012074,400,0,400,0,0,0,0,RSuccess
104,414,92,279,19971.16,64052.85,-31.97,5.81,31414.3,78139.0,0,0,1,1,0,2,1.4838709677419355,2.0389711055156408,0.819729584458465,0.4020309960455086,75.87995169082126,188.7415458937198,6.366527345826582e-05,0.006463412635034975,2302,0,300,0,0,2002,0,Failure
171,670,86,244,6186.54,305079.67,1.06,3520801.0,597473.84,5202572771.0,1,0,1,0,0,1,2.7459016393442623,0.510615945963425,5.864015429069334e-05,0.00011484199573918847,891.752,7765033.986567164,1.6737134466004403e-06,0.002196147648907579,400,0,400,0,0,0,0,RSuccess
952,3161,662,2156,55774.22,160182.81,6.95,37.58,40530.99,23665245.0,0,0,0,0,0,1,1.4661410018552876,3.9521070173711523,0.006768694344808177,0.001712679923660203,12.822204998418222,7486.632394811769,2.467247900927167e-05,0.01973370301095355,3500,3000,500,0,0,0,0,RFailure
745,2317,47,134,54267.16,214752.13,-21.64,76.36,79584.15,111377.0,1,0,0,1,0,1,17.291044776119403,2.6984283930908357,1.9281550948580048,0.7145474379809116,34.347928355632284,48.06948640483384,1.2565316083667414e-05,0.01078918285932717,8369,2500,500,100,0,3917,1352,Failure
266,626,20,54,12495.16,238228.22,7.86,1951672.0,455222.79,2026975464.0,1,0,0,1,0,1,11.592592592592593,0.5233222616117265,0.00011752891153891145,0.0002245822892703747,727.1929552715654,3237979.9744408946,2.1967265742560912e-06,0.002627732348417832,400,0,400,0,0,0,0,RSuccess
180,1138,129,1023,26245.21,176207.09,48.86,-35.15,23400.94,47769.0,0,0,0,0,0,2,1.1124144672531768,7.529915037601054,3.688733069563943,0.489877116958697,20.563216168717048,41.976274165202106,8.546665219431357e-05,0.006458309935201813,400,0,400,0,0,0,0,Failure
17,96,3,14,9148.25,82908.7,3.56,32.74,855231.81,529200.0,0,0,0,0,0,1,6.857142857142857,0.0969429563196439,0.1566679894179894,1.6160842970521543,8908.6646875,5512.5,1.1692736265270582e-06,0.0011579001962399604,11499,0,400,100,10999,0,0,RSuccess
57,280,32,167,11288.94,24036.7,40.17,80.68,36726.68,121898.0,0,0,0,0,0,2,1.6766467065868262,0.6544751662823866,0.1971869924034849,0.30129025906905776,131.16671428571428,435.35,5.445632439414616e-05,0.011648853627993859,400,0,400,0,0,0,0,Failure
170,677,74,226,5401.93,295029.82,3.09,3726329.0,580796.14,4978205364.0,0,0,0,0,0,1,2.995575221238938,0.5079748291715576,5.92642927376027e-05,0.00011666777433491192,857.8968094534712,7353331.40915805,1.7217745283224505e-06,0.002294683296759629,400,0,400,0,0,0,0,RSuccess
759,2193,271,768,8020.26,73327.39,12.74,130846.0,123131.42,447168061.0,0,0,0,0,0,1,2.85546875,0.5955213543383159,0.00016398172498281356,0.00027535826177889746,56.14747834017328,203907.00455996353,8.121403943851212e-06,0.029906969278464705,3400,2900,400,100,0,0,0,RFailure
195,637,86,190,6818.33,257062.5,3.22,2811102.0,503975.14,3751094419.0,0,0,0,0,0,1,3.3526315789473684,0.5100698022525476,6.852999985762289e-05,0.00013435416006786472,791.1697645211931,5888688.25588697,1.984224856805437e-06,0.002477996596158522,400,0,400,0,0,0,0,RSuccess
1092,3107,774,2137,66785.92,154352.49,17.38,55.3,42518.12,26253918.0,0,0,0,0,0,1,1.4539073467477772,3.6302755154743434,0.00587921734196016,0.0016194961833887042,13.684621821692952,8449.925329900225,2.351938420607496e-05,0.020129250911339366,3500,3000,500,0,0,0,0,RSuccess
351,2425,383,1692,48111.03,488963.42,-37.73,56.1,35055.9,104685.0,1,0,0,1,0,3,1.4332151300236406,13.948106310207411,4.670806896881119,0.3348703252614988,14.456041237113403,43.16907216494845,8.557760605204829e-05,0.004959471201342628,400,0,400,0,0,0,0,Failure
1832,5320,805,2853,34849.87,117325.05,-13.56,126547.0,108805.05,346108041.0,0,0,0,0,0,1,1.8647038205397828,1.0783051889595199,0.00033898388971552386,0.0003143672989672031,20.452077067669173,65057.902443609026,9.19074987787791e-06,0.04534411023050917,3400,2900,400,100,0,0,0,RFailure
17,121,30,84,3317.5,13502.66,-12.54,24.67,28183.02,556956780.0,1,0,1,1,0,5,1.4404761904761905,0.47910621359953615,2.4243640592722474e-05,5.060180791766284e-05,232.91752066115703,4602948.5950413225,0.00017741178908434936,0.008961197275203553,22591,0,0,100,10999,9993,1499,Failure
53,451,42,450,10681.08,80397.45,17.49,-43.78,20316.41,36411.0,0,0,0,0,0,2,1.0022222222222221,3.957266564319188,2.2080538848150284,0.5579745131965614,45.04747228381375,80.73392461197339,9.844258902040271e-05,0.005609630653708545,400,0,400,0,0,0,0,Failure
577,2822,253,1659,63900.75,737712.32,12.04,1185.0,115328.26,1147452.0,1,1,1,1,500,4,1.7010247136829415,6.396630973189052,0.6429134464883933,0.10050813454506158,40.867562012756906,406.6094968107725,3.468360660257945e-05,0.0038253393951723624,2700,2700,0,0,0,0,0,Failure
246,1277,227,1146,28849.95,160967.28,-7.84,-4.85,26413.32,60455.0,1,0,1,1,0,3,1.1143106457242582,6.0941706684354715,2.6625966421305103,0.43690877512199155,20.683884103367266,47.34142521534847,0.00011357905783899941,0.007933289299539634,400,0,400,0,0,0,0,Failure
537,1251,387,1034,78877.11,169878.82,47.76,44.86,33762.71,98811.0,0,0,0,0,0,3,1.2098646034816247,5.031551673429059,1.7192298428312638,0.3416897916223902,26.98857713828937,78.98561151079137,8.885542659342216e-05,0.0073640728137857325,400,0,400,0,0,0,0,Success
108,483,49,211,12163.85,65521.43,4.23,1751.0,11060.79,57855.0,1,0,1,1,0,1,2.2890995260663507,5.923756802181399,1.1325111053495809,0.191181228934405,22.900186335403728,119.78260869565217,9.040945538248172e-05,0.007371633982957942,2500,2100,400,0,0,0,0,2x
11,69,0,10,881.43,2874.53,1.11,4.31,244388.55,125130.0,0,0,0,0,0,1,6.9,0.011762130427141535,0.022972348757292416,1.953077199712299,3541.863043478261,1813.4782608695652,4.091844728404829e-06,0.024003924119769142,13999,2500,400,100,10999,0,0,RSuccess
162,462,49,100,8153.44,303021.36,5.04,4206982.0,600925.17,5272462360.0,0,0,0,0,0,1,4.62,0.5042580592854847,5.7472455810950536e-05,0.00011397429302842857,1300.7038311688314,11412256.19047619,1.6641007065821523e-06,0.001524644995323102,400,0,400,0,0,0,0,RSuccess
243,569,16,53,10276.88,232017.55,6.2,1856544.0,441997.9,1904555177.0,0,0,0,0,0,1,10.735849056603774,0.5249290777173375,0.00012182243539169461,0.00023207408498199684,776.7977152899824,3347197.1476274165,2.262454188130758e-06,0.0024524006912408137,400,0,400,0,0,0,0,RFailure
704,2384,528,1800,3205.28,57283.51,9.02,361440.0,107047.89,1118561446.0,0,0,0,0,0,1,1.3244444444444445,0.5351204026534292,5.121176865593488e-05,9.570139430677284e-05,44.90263842281879,469195.2374161074,9.341613365756205e-06,0.04161756149370037,3400,2900,400,100,0,0,0,RSuccess
83,326,38,113,36538.14,355923.03,4.3,7261142.0,535957.72,4210583052.0,0,0,0,0,10,1,2.8849557522123894,0.6640878873803703,8.453058058810618e-05,0.00012728824331001464,1644.0420858895704,12915898.932515338,1.865818818693385e-06,0.0009159283679957432,3300,2900,400,0,0,0,0,RFailure
