buysM5,buysH1,sellsM5,sellsH1,volM5,volH1,priceM5,priceH1,liquidity,marketCap,paidProfile,paidAd,websites,socials,boosts,pools,dayOfWeek,time,result,buysToSells,volToLiquidity,volToMC,liquidityToMC,liquidityToBuys,MCToBuys,poolsToLiquidity,buysToVol
33,688,81,690,13601.95,324599.34,20.45,175.0,76684.21,341668.0,1,0,0,1,0,2,2,1100,Failure,0.9971014492753624,4.232935828640603,0.9500431412950584,0.2244407143777,111.45960755813954,496.61046511627904,2.6080988511194155e-05,0.0021195360409543653
29,136,4,14,42187.9,132729.28,14.39,58.91,1285462.23,808691.0,0,0,0,0,0,1,3,361,Success,9.714285714285714,0.10325412672762856,0.16412854848143482,1.5895592135933254,9451.928161764707,5946.257352941177,7.779302858241117e-07,0.0010246420382902703
4,17,0,1,2108.57,6137.59,24.19,246.0,83801.8,1711701.0,0,0,0,0,0,1,3,361,Failure,17.0,0.07323935762716315,0.003585667122937943,0.048958200059473,4929.517647058824,100688.29411764706,1.1932917908684539e-05,0.0027698168173501325
664,2209,713,2208,260620.12,1025011.34,30.37,260.0,86423.11,440057.0,1,1,1,1,500,2,3,362,Failure,1.0004528985507246,11.860384797538527,2.329269480999052,0.19639071756613347,39.123182435491174,199.21095518334087,2.3141958210020445e-05,0.002155098108475561
4,104,28,132,2430.37,17863.84,-18.54,-15.17,33956.32,71962.0,0,0,0,0,0,2,3,362,Failure,0.7878787878787878,0.5260829206462891,0.24823990439398572,0.4718645952030238,326.50307692307695,691.9423076923077,5.889919755733248e-05,0.0058218165859076215
720,2140,698,1962,58014.07,188623.83,18.42,4339.0,34000.11,114692.0,0,0,0,0,0,1,3,362,Failure,1.09072375127421,5.5477417573060785,1.6446119171345865,0.29644709308408607,15.88790186915888,53.59439252336448,2.9411669550480865e-05,0.011345332135393498
39,333,59,392,9190.49,98022.01,-27.75,-70.96,20966.42,27092.0,0,0,0,0,0,2,3,363,Success,0.8494897959183674,4.675190614325192,3.618116418130813,0.7738970913922929,62.962222222222216,81.35735735735736,9.539062939691183e-05,0.0033971962011389075
1381,4320,1350,4113,228707.79,759946.67,-84.84,3117.0,18432.2,6395271.0,0,0,0,0,0,1,3,364,Failure,1.0503282275711159,41.229298184698514,0.11882947102632556,0.0028821608967000774,4.266712962962963,1480.3868055555556,5.425288354076019e-05,0.005684609421342684
0,96,12,139,29.83,28694.75,-1.18,-95.28,8663.29,4662.0,0,0,0,0,0,2,3,364,Failure,0.6906474820143885,3.3122231854180106,6.15503003003003,1.8582775632775634,90.24260416666668,48.5625,0.00023085917705629154,0.0033455597278247763
95,2251,1673,3405,96165.41,2624181.78,-98.32,-98.5,9338.35,4938.0,0,0,0,0,0,2,3,366,Failure,0.661086637298091,281.0112900030519,531.4260388821385,1.8911198865937626,4.148533984895602,2.193691692581075,0.0002141705975895099,0.0008577911854871579
0,116,4,128,325.67,62236.41,-12.33,-94.44,9723.27,5838.0,0,0,0,0,0,2,3,367,Failure,0.90625,6.400769494213367,10.6605704008222,1.665513874614594,83.82129310344828,50.327586206896555,0.000205692117980885,0.001863860720758154
18,582,43,669,2218.91,170125.31,-19.8,-84.99,14805.82,13412.0,0,0,0,0,0,2,3,368,Failure,0.8699551569506726,11.490434842514633,12.684559349835968,1.1039233522218908,25.43955326460481,23.0446735395189,0.00013508201504543483,0.0034210077265987055
1233,3880,1247,3912,102980.35,421704.45,172.0,4616.0,27329.76,72119154.0,0,0,0,0,0,1,3,369,Failure,0.9918200408997955,15.430228805521894,0.005847329407108686,0.00037895286458851135,7.043752577319587,18587.410824742266,3.6590149346353576e-05,0.009200756596237009
157,651,132,399,217267.13,538919.88,-80.87,199.0,94496.56,569797.0,0,0,0,0,0,1,3,371,Failure,1.631578947368421,5.703063476596397,0.9458103149016228,0.16584250180327378,145.15600614439325,875.2642089093702,1.0582395803614438e-05,0.0012079717675287838
27,613,91,719,5373.32,120967.99,-26.3,-78.97,16810.06,17397.0,1,0,1,0,0,2,3,372,Failure,0.8525730180806675,7.196166462225595,6.953382192332011,0.9662619991952637,27.422610114192498,28.380097879282218,0.00011897637486124379,0.005067456275002998
12,85,1,2,1204.26,4682.66,0.84,3.91,448611.51,229235.0,0,0,0,0,0,1,3,373,Failure,42.5,0.010438118272979665,0.020427334394834993,1.9569939581652016,5277.782470588236,2696.8823529411766,2.2291001851468324e-06,0.018152075956827957
879,2819,915,2831,205082.57,678811.07,5.14,213.0,82023.44,403126.0,1,1,0,1,500,2,3,374,Failure,0.9957612151183327,8.275818107604362,1.68386824466792,0.20346849372156597,29.096644200070948,143.003192621497,2.4383273854400643e-05,0.004152849186740576
1,95,1,2,44890.72,83289.06,-84.77,89.8,61045.88,52958.0,0,0,0,0,0,1,3,374,Failure,47.5,1.3643682423777002,1.5727380188073568,1.152722534838929,642.5882105263157,557.4526315789474,1.6381121870960007e-05,0.001140605981145663
29,329,28,317,2554.15,81436.14,2.12,-42.41,29470.53,53982.0,0,0,0,0,0,2,3,375,Failure,1.0378548895899053,2.763307616116846,1.5085795265088362,0.5459325330665777,89.57607902735562,164.0790273556231,6.786440556040221e-05,0.004039975372113659
5,39,5,41,1378.05,5244.84,-16.26,-22.12,12165.44,2382167.0,1,0,1,1,2000,7,3,378,Success,0.9512195121951219,0.43112620669700397,0.0022017096198545276,0.005106879576452869,311.934358974359,61081.205128205125,0.0005754004787331983,0.007435879836181847
97,711,95,472,42503.92,229105.49,-14.87,-8.87,38068.61,88344.0,1,0,1,1,0,2,3,379,Failure,1.50635593220339,6.018225777090364,2.5933338993027255,0.4309133614054152,53.542348804500705,124.25316455696202,5.253672251232709e-05,0.003103373908674122
142,723,119,597,46323.5,232393.76,-19.84,20.71,42000.57,107558.0,0,0,0,0,0,2,3,379,Failure,1.2110552763819096,5.533109669702102,2.160636679744882,0.3904922925305417,58.09207468879668,148.76625172890732,4.761840136931475e-05,0.0031110990243455763
28,133,3,10,53511.88,163388.27,14.9,58.92,1556071.11,982639.0,0,0,0,0,0,1,3,380,Failure,13.3,0.10500051633244446,0.16627496974982672,1.5835633533779956,11699.782781954887,7388.263157894737,6.426441526827138e-07,0.000814011923866995
255,936,261,890,53485.62,274314.12,-63.14,1686.0,20085.04,7935641.0,0,0,0,0,0,1,3,381,Failure,1.051685393258427,13.657633741331857,0.03456735505046158,0.0025309915103266393,21.45837606837607,8478.248931623932,4.978830014777167e-05,0.0034121466295646756
170,1294,169,1204,41548.77,373012.51,-34.24,-23.98,34598.07,71476.0,0,0,0,0,0,2,3,381,Failure,1.0747508305647842,10.78130976670086,5.218709916615367,0.4840515697576809,26.737302936630602,55.23647604327666,5.780669268545904e-05,0.003469052552687844
28,126,0,4,5117.06,41957.73,4.79,46.11,440724.13,272364.0,0,0,0,0,0,1,3,382,Success,31.5,0.09520179891216758,0.1540502048728907,1.6181438442672307,3497.8105555555558,2161.6190476190477,2.2689930773701906e-06,0.0030030223274710045
261,821,147,414,247931.88,780613.7,-15.38,170911.0,145136.56,202271672.0,0,0,0,0,0,1,3,382,Failure,1.9830917874396135,5.37847734574941,0.0038592339316797656,0.0007175328040992314,176.78021924482337,246372.31668696713,6.890062710594767e-06,0.0010517366015994852
31,128,5,13,36289.39,106414.2,18.02,69.95,868358.78,565564.0,0,0,0,0,0,1,3,383,Failure,9.846153846153847,0.1225463511752596,0.1881558939395011,1.5353855266601129,6784.05296875,4418.46875,1.151597730145597e-06,0.001202846988465825
34,151,4,9,16886.23,63097.82,6.4,24.7,1104087.95,623658.0,0,0,0,0,0,1,3,383,Failure,16.77777777777778,0.05714926967548192,0.10117375228089755,1.770341998338833,7311.840728476821,4130.185430463576,9.05724947002637e-07,0.0023931096193180682
167,745,181,635,24773.75,112994.8,-11.15,-0.76,38722.58,92500.0,1,0,1,1,500,2,3,385,Failure,1.1732283464566928,2.9180596954025275,1.2215654054054055,0.4186224864864865,51.97661744966443,124.16107382550335,5.164945104380958e-05,0.006593223758969439
80,289,76,198,79000.41,251974.78,-14.59,263979.0,178719.15,312672726.0,0,0,0,0,0,1,3,388,Failure,1.4595959595959596,1.4098924485708444,0.0008058738708153266,0.0005715853515154372,618.4053633217993,1081912.5467128027,5.5953712850581486e-06,0.0011469401818705826
5,61,2,10,474.65,2144.38,-0.19,1.51,344377.19,174326.0,0,0,0,0,0,1,3,464,Success,6.1,0.006226835174536386,0.012300976331700379,1.9754780698232048,5645.527704918033,2857.8032786885246,2.9037927860436984e-06,0.028446450722353314
35,518,51,509,11053.28,125916.43,11.54,-66.57,22687.42,31736.0,0,0,0,0,0,2,3,464,Failure,1.0176817288801572,5.550055052535723,3.9676213133350138,0.7148796319637005,43.7981081081081,61.26640926640927,8.815458082056048e-05,0.0041138396315715114
18,50,2,2,4133.83,16593.37,29.94,865.0,211775.27,4814745.0,0,0,0,0,0,1,3,466,Failure,25.0,0.0783536717955784,0.0034463652799888674,0.04398473231708013,4235.5054,96294.9,4.721986660671003e-06,0.0030132516782305223
0,113,1,119,0.26,26611.8,-0.28,-95.24,8442.17,4461.0,0,0,0,0,0,2,3,467,Failure,0.9495798319327731,3.152246401103034,5.965433759246806,1.8924389150414704,74.70946902654867,39.47787610619469,0.00023690591400078417,0.004246236631870073
15,1047,55,919,2602.87,422199.61,-39.16,-92.47,13047.29,10372.0,0,0,0,0,0,2,3,468,Failure,1.1392818280739934,32.359180335533274,40.7057086386425,1.2579338603933667,12.461595033428845,9.90639923591213,0.00015328853731311253,0.0024798696521770827
3,25,0,14,25.72,1005.63,6.61,455.0,1610.02,5363.0,0,0,0,0,0,1,3,469,Success,1.7857142857142858,0.6246071477372952,0.18751258623904532,0.3002088383367518,64.4008,214.52,0.0006211102967664999,0.024860037986138044
8,22,5,27,224.92,1351.55,4.46,-4.7,3470.31,15333263.0,1,0,0,1,0,12,3,469,Failure,0.8148148148148148,0.3894608838979803,8.814496953453416e-05,0.00022632560336309369,157.74136363636364,696966.5,0.0034579043370765146,0.016277607191742816
44,540,141,739,19715.03,172528.54,-75.31,-71.82,21976.91,29795.0,0,0,0,0,0,2,3,470,Success,0.7307171853856563,7.850445763303394,5.790519885886894,0.7376039603960396,40.697981481481484,55.175925925925924,9.10046043779585e-05,0.0031299169401190086
6,32,1,2,1264.8,5380.39,28.24,257.0,87323.62,1790135.0,0,0,0,0,0,1,3,471,Failure,16.0,0.06161437191907528,0.003005577791619068,0.04878046627768297,2728.863125,55941.71875,1.1451655348232242e-05,0.005947524250100829
4,18,0,1,2101.1,6650.88,22.15,261.0,89026.64,1807166.0,0,0,0,0,0,1,3,471,Success,18.0,0.07470662713992127,0.003680281722874379,0.04926312248017061,4945.924444444445,100398.11111111111,1.1232592850859023e-05,0.0027064087759815243
5,17,0,1,2441.74,6492.55,45.44,300.0,96452.17,1998529.0,0,0,0,0,0,1,3,472,Failure,17.0,0.06731367474676828,0.003248664392660802,0.048261581393114636,5673.657058823529,117560.5294117647,1.0367833092816886e-05,0.0026183856882118733
897,4546,575,2693,442374.27,2944775.33,7.95,2843.0,221586.39,2862180.0,1,1,1,1,0,4,3,473,Failure,1.688080207946528,13.289513539166371,1.0288574897455787,0.07741874724860072,48.74315662120546,629.6040475142983,1.8051650193858928e-05,0.0015437510473846573
299,948,285,844,2553.86,70056.58,16.47,3649.0,31027.39,97475.0,0,0,0,0,0,1,3,475,Success,1.1232227488151658,2.2578947181828704,0.7187133111054117,0.3183112592972557,32.72931434599156,102.82172995780591,3.222958811553276e-05,0.013531919485650027
9,233,14,322,2588.99,48560.87,-0.15,-49.5,27841.85,48372.0,0,0,0,0,0,2,3,475,Failure,0.7236024844720497,1.7441682215801035,1.0039045315471762,0.57557781361118,119.49291845493562,207.60515021459227,7.183430698750263e-05,0.00479810184619839
4,19,0,1,2203.09,6564.37,36.03,307.0,97365.86,2021514.0,0,0,0,0,0,1,3,477,Failure,19.0,0.06741962737246916,0.003247254285649271,0.0481648210202848,5124.518947368421,106395.47368421052,1.0270540413241356e-05,0.002894413325269599
6,18,0,1,2153.01,6167.28,25.04,245.0,83990.26,1715947.0,0,0,0,0,0,1,3,477,Failure,18.0,0.07342851421105256,0.003594097020479071,0.04894688472312956,4666.125555555555,95330.38888888889,1.1906142450326978e-05,0.002918628633692649
135,645,161,485,163708.4,605755.18,-70.53,221.0,105003.41,778514.0,0,0,0,0,0,1,3,477,Failure,1.3298969072164948,5.768909600173938,0.7780915693230951,0.13487671384201183,162.79598449612405,1206.9984496124032,9.523500236801833e-06,0.0010647866024026404
9,132,2,133,477.37,38080.92,13.4,-95.36,9538.36,5681.0,1,0,1,1,0,2,3,479,Failure,0.9924812030075187,3.9923970158392006,6.703207181834184,1.6789931350114418,72.26030303030304,43.03787878787879,0.00020967965142854744,0.0034663028099111053
25,111,6,9,42465.46,134081.25,10.9,59.06,1285509.33,811065.0,0,0,0,0,0,1,3,479,Success,12.333333333333334,0.10430204345541388,0.16531504873222244,1.5849646205914447,11581.165135135136,7306.891891891892,7.779017831010218e-07,0.0008278562438819746
32,144,5,8,13616.39,56405.89,5.23,21.08,1083805.94,604047.0,0,0,0,0,0,1,3,480,Failure,18.0,0.052044270951310714,0.09337996877726402,1.7942410772671662,7526.430138888889,4194.770833333333,9.226744042388254e-07,0.002552924880717244
6,93,3,19,1670.72,52275.32,5.33,14934.0,96628.25,1194091.0,0,0,0,0,0,1,3,481,Failure,4.894736842105263,0.5409941709593209,0.04377833850183947,0.08092201515629881,1039.013440860215,12839.68817204301,1.0348940397865014e-05,0.001779042194289772
27,550,50,647,6008.15,144388.73,-26.92,-82.38,16386.8,16440.0,0,0,0,0,0,3,3,482,Failure,0.8500772797527048,8.81128286181561,8.782769464720195,0.9967639902676398,29.794181818181816,29.89090909090909,0.000183074181658408,0.0038091615599084496
23,449,27,528,4199.11,166410.31,9.68,-59.33,24826.18,37856.0,0,0,0,0,0,2,3,483,Failure,0.8503787878787878,6.703017137553985,4.395876743448858,0.6558056846999155,55.29216035634744,84.31180400890868,8.056011839114998e-05,0.0026981501326450268
3,111,7,79,1839.96,41861.96,10.21,-95.52,9187.83,5214.0,0,0,0,0,0,2,3,483,Failure,1.4050632911392404,4.556240156816136,8.028761028001535,1.7621461449942462,82.77324324324324,46.972972972972975,0.0002176792561464459,0.0026515719760852098
324,811,146,457,126089.45,399904.28,7.68,38448.0,68851.2,9415970.0,1,0,0,1,0,1,3,484,Failure,1.774617067833698,5.808239798289645,0.04247085324188586,0.007312172829777495,84.89667077681874,11610.320591861899,1.4524075106897193e-05,0.0020279852968815436
3792,6529,174,598,63536.21,407962.14,-2.85,2693.0,21983.66,132726.0,1,1,1,1,0,1,3,485,Failure,10.918060200668897,18.557516810212675,3.073716830161385,0.16563190331962088,3.3670791851738398,20.328687394700566,4.548833087847974e-05,0.016003936051516936
8,31,5,36,910.57,2402.89,-11.2,-24.5,13025.34,2087294.0,1,1,1,1,0,5,3,486,Failure,0.8611111111111112,0.18447810191518993,0.0011511986332543474,0.0062402996415454656,420.17225806451614,67332.06451612903,0.00038386713897679446,0.012901131554086955
9,44,1,2,2156.31,8046.8,24.79,384.0,113909.77,2401012.0,0,0,0,0,0,1,3,486,Failure,22.0,0.07064187733852856,0.0033514201511695902,0.0474423992883001,2588.8584090909094,54568.454545454544,8.778878229672485e-06,0.005468012129045086
165,339,85,178,167029.56,635991.65,15.41,6096.0,552778.84,19175645.0,0,0,0,0,0,1,3,486,Failure,1.904494382022472,1.1505354474132912,0.03316663663725523,0.028827131499357648,1630.61604719764,56565.32448377581,1.8090417498614817e-06,0.0005330258659842468
0,102,9,73,1214.67,20200.62,-8.2,-3.42,39068.4,95596.0,0,0,0,0,0,2,3,487,Failure,1.3972602739726028,0.5170577755935744,0.21131239800828486,0.4086823716473493,383.02352941176474,937.2156862745098,5.1192267919853384e-05,0.005049349970446452
79,1892,134,1689,14608.87,482925.23,-24.96,-71.2,19802.9,23115.0,0,0,0,0,0,2,3,487,Failure,1.1201894612196566,24.386591357831428,20.892287691974907,0.8567120917153365,10.466649048625793,12.21723044397463,0.00010099530876790772,0.00391779075199695
275,814,311,817,78423.13,209152.23,-45.94,89219.0,139437.49,395149005.0,0,0,0,0,0,1,3,488,Failure,0.996328029375765,1.4999712774519969,0.0005292996498877683,0.0003528731902032753,171.29912776412775,485441.03808353806,7.171672410339573e-06,0.0038919020849072466
17,374,23,482,1993.34,72697.36,-7.51,-88.31,12907.09,10326.0,1,0,1,1,0,2,3,489,Failure,0.7759336099585062,5.632358649393473,7.040224675576216,1.2499602944024792,34.510935828877,27.609625668449198,0.0001549535952720559,0.005144615980552801
529,1459,294,939,42262.08,192909.65,102.0,5824.0,31881.68,20494603.0,0,0,0,0,0,1,3,490,Failure,1.5537806176783813,6.050799393256566,0.009412704896015795,0.0015556134461350629,21.851734064427692,14047.020562028787,3.1365975695132756e-05,0.007563126054088015
1888,4842,2080,5534,292816.27,849272.01,-98.12,358.0,8944.95,1513844.0,0,0,0,0,0,1,3,490,Failure,0.8749548247199133,94.9442992973689,0.5610036503100716,0.005908766028732155,1.847366790582404,312.64849235852955,0.00011179492339252873,0.0057013535628002154
32,125,2,7,49920.31,141049.52,14.34,51.15,1479363.3,911517.0,0,0,0,0,0,1,3,492,Failure,17.857142857142858,0.0953447472977057,0.15474151332339384,1.6229684141930432,11834.9064,7292.136,6.759664782815688e-07,0.0008862135794577679
32,72,29,45,4402.23,16534.46,9.56,1.59,12167.91,5867243.0,1,0,1,1,2000,9,3,493,Failure,1.6,1.358857848225373,0.0028180970176282113,0.002073871833840869,168.99875,81489.48611111111,0.0007396504412014882,0.004354541968712616
415,2194,385,1917,134988.1,630826.37,12.02,75.32,54558.8,173710.0,0,0,0,0,0,2,3,493,Failure,1.1444966092853417,11.562321202079223,3.6314913937021474,0.31407978815266824,24.86727438468551,79.17502278942571,3.665769774995051e-05,0.003477977624809819
30,138,6,13,34663.05,99875.32,15.61,60.46,842180.77,533529.0,0,0,0,0,0,1,3,494,Failure,10.615384615384615,0.11859130908439053,0.18719754689998108,1.5785098279568683,6102.759202898551,3866.1521739130435,1.1873935331009754e-06,0.0013817227319021354
14,1527,19,2172,1403.57,1819265.93,-9.19,-98.72,9835.53,5681.0,0,0,0,0,0,2,3,494,Failure,0.7030386740331491,184.9687744331012,320.23691779616263,1.7313025875726105,6.441080550098232,3.7203667321545515,0.00020334440543620931,0.0008393495281912964
17,47,12,78,710.5,6694.63,45.69,-21.11,1352.36,2259061.0,1,1,1,1,0,6,3,495,Failure,0.6025641025641025,4.950331272738029,0.002963456940737767,0.0005986381067177911,28.773617021276593,48065.12765957447,0.004436688455736639,0.0070205522934053115
4,16,0,1,2104.87,6128.03,12091.0,244.0,83535.77,1705936.0,0,0,0,0,0,1,3,495,Failure,16.0,0.07335815543449231,0.0035921804803931683,0.04896770453287814,5220.985625,106621.0,1.1970919762875233e-05,0.002610953275359292
0,38,3,9,242.42,1453.16,-25.46,152.0,3090.83,2973.0,0,0,0,0,0,1,3,497,Failure,4.222222222222222,0.4701520303607769,0.48878573831146993,1.0396333669693911,81.33763157894737,78.23684210526316,0.00032353769052325754,0.026149907787167276
154,684,85,293,131677.38,497475.29,-17.53,305021.0,191730.64,360970418.0,0,0,0,0,0,1,3,497,Failure,2.3344709897610922,2.5946572232794924,0.0013781608275723026,0.0005311533312405672,280.3079532163743,527734.5292397661,5.215650456285964e-06,0.0013749426629813112
2,38,3,7,9669.34,21505.3,165.0,3197.0,44431.34,135007.0,0,0,0,0,0,1,3,499,Failure,5.428571428571429,0.48401196092667925,0.1592902590236062,0.329103972386617,1169.2457894736842,3552.815789473684,2.2506636081648674e-05,0.0017670062728722688
2,19,0,3,818.36,9233.39,27.66,463.0,10512.95,125195.0,0,0,0,0,0,1,3,499,Failure,6.333333333333333,0.8782872552423439,0.0737520667758297,0.08397260273972604,553.3131578947368,6589.210526315789,9.512077960990968e-05,0.0020577491040668703
241,1621,196,1185,61007.3,383646.58,2.07,22.76,42702.08,110040.0,1,0,1,1,0,2,3,501,Failure,1.3679324894514768,8.984259783130002,3.4864283896764814,0.3880596146855689,26.34304750154226,67.88402220851326,4.683612601540721e-05,0.004225242930615985
13,292,25,424,1959.6,104062.98,-3.16,-92.58,10926.05,7209.0,1,0,0,0,0,2,3,724,Failure,0.6886792452830188,9.524300181675903,14.435147732001663,1.515612428908309,37.417979452054794,24.688356164383563,0.0001830487687682191,0.0028059930630470126
3,15,0,1,1900.29,6017.14,16.39,224.0,82022.24,1670465.0,0,0,0,0,0,1,3,725,Failure,15.0,0.0733598594722602,0.0036020748713681524,0.049101441814105654,5468.149333333334,111364.33333333333,1.2191815293022964e-05,0.002492878676580568
1486,5268,1460,5123,187207.09,922189.81,41.27,19301.0,56572.84,59598949.0,0,0,0,0,0,1,3,725,Failure,1.0283037282842085,16.300928325323603,0.015473256248193236,0.0009492254636906432,10.738959757023538,11313.39198936978,1.7676326661344914e-05,0.005712489926558611
677,2297,247,792,142707.87,300462.69,-96.55,19127.0,38127.76,96301611.0,0,0,0,0,0,1,3,726,Failure,2.900252525252525,7.880418099568398,0.003120017275723456,0.00039592027178029246,16.598937744884633,41924.95037004789,2.6227609489778574e-05,0.00764487597445127
371,1495,320,1353,44038.15,174222.35,38.24,4899.0,37124.69,134134.0,0,0,0,0,0,1,3,726,Success,1.1049519586104952,4.692897098938738,1.2988679231216544,0.2767731522209134,24.83256856187291,89.72173913043478,2.6936251858264673e-05,0.008580988604504531
1,272,1,248,1.33,135323.49,-0.85,-95.39,9778.73,5809.0,0,0,0,0,0,2,3,726,Failure,1.096774193548387,13.838554699843435,23.295488035806507,1.6833757961783438,35.95121323529412,21.356617647058822,0.00020452553654717946,0.0020099984119534607
268,541,4,14,784.61,3831.63,-18.51,34.52,4497.71,5788.0,0,0,0,0,0,1,3,727,Failure,38.642857142857146,0.8519068592683833,0.6619955079474775,0.7770749827228749,8.31369685767098,10.698706099815157,0.00022233536621969847,0.1411931736623839
19,107,17,138,689.91,37775.16,9.45,-38.96,9408.87,3312908.0,1,0,1,1,0,7,3,728,Failure,0.7753623188405797,4.014845565939375,0.011402417453186145,0.002840063774786381,87.93336448598131,30961.757009345794,0.0007439788199858218,0.002832549220175374
7,22,1,1,2092.78,6467.59,-98.66,-96.09,9817.66,19994.0,0,0,0,0,0,1,3,728,Failure,22.0,0.6587710309788687,0.32347654296288886,0.4910303090927278,446.2572727272727,908.8181818181819,0.00010185726537688207,0.0034015761667019707
21,97,5,12,26166.09,76804.33,13.13,43.39,816188.36,490252.0,0,0,0,0,0,1,3,729,Failure,8.083333333333334,0.09410123173038146,0.15666296108939892,1.6648343300996222,8414.312989690721,5054.144329896907,1.2252073773754873e-06,0.0012629496279701938
70,1705,104,1637,11636.17,546591.76,37.71,-55.56,27185.96,42632.0,0,0,0,0,0,2,3,730,Failure,1.0415394013439219,20.105663364471955,12.82116156877463,0.6376890598611371,15.944844574780058,25.004105571847507,7.356738551811303e-05,0.003119329863296878
31,133,3,12,47514.84,152184.07,15.01,58.67,1449127.5,914777.0,0,0,0,0,0,1,3,730,Failure,11.083333333333334,0.10501772273316186,0.1663619330175551,1.5841319797065296,10895.695488721805,6878.022556390977,6.900704044330123e-07,0.000873941668139116
699,2612,570,2119,36506.92,213036.24,6.12,68744.0,92481.12,168567888.0,0,0,0,0,0,1,3,731,Failure,1.2326569136385088,2.3035646627116972,0.0012638008491866492,0.000548628336614148,35.40624808575804,64535.94486983155,1.0813017835424138e-05,0.012260824731041066
1734,4991,1966,5777,122249.85,470024.95,-76.06,5528.0,30993.49,18574701.0,0,0,0,0,0,1,3,731,Failure,0.8639432231261901,15.165279870063035,0.025304576908128967,0.001668586213043214,6.209875776397515,3721.6391504708477,3.226484013255687e-05,0.010618585247442715
59,2560,164,2431,18043.85,1191596.46,-34.15,-85.62,16114.65,14420.0,0,0,0,0,0,2,3,732,Failure,1.0530645824763472,73.94491720266961,82.63498335644937,1.11752080443828,6.29478515625,5.6328125,0.00012411066948397886,0.0021483783192843657
32,143,15,108,921.85,8120.11,3.7,0.16,9002.55,2293127.0,1,0,1,1,2000,13,3,732,Failure,1.3240740740740742,0.9019788837607122,0.003541064232377884,0.0039258837386677665,62.9548951048951,16035.853146853147,0.0014440353011091302,0.017610598871197557
17,54,17,39,515.05,1061.83,-5.52,24.86,4828.13,1110899.0,1,1,1,1,1110,5,3,733,Failure,1.3846153846153846,0.2199257269377585,0.0009558294678454117,0.004346146679401097,89.40981481481482,20572.203703703704,0.00103559763303805,0.05085559835378545
1308,4858,1299,4736,142448.89,543615.72,-48.14,26739.0,66463.79,85749704.0,0,0,0,0,0,1,3,733,Failure,1.025760135135135,8.179126107614387,0.006339563807707138,0.0007750906055605742,13.681307122272539,17651.23589954714,1.5045786585447505e-05,0.008936459747705605
0,114,3,126,598.75,48545.87,-20.1,-94.79,9365.86,5307.0,0,0,0,0,0,2,3,734,Failure,0.9047619047619048,5.183279485279515,9.14751648765781,1.7648125117768985,82.15666666666667,46.55263157894737,0.00021354152208126107,0.0023482945099140254
107,3533,189,3300,31383.22,1856456.74,7.21,-79.78,23074.11,27850.0,0,0,0,0,0,2,3,735,Failure,1.0706060606060606,80.45626635220167,66.65912890484739,0.8285138240574507,6.531024624964619,7.882819133880555,8.66772326213232e-05,0.0019030877067461318
13,289,21,303,4383.55,90043.82,-15.29,-85.31,15394.7,14236.0,0,0,0,0,0,2,3,736,Failure,0.9537953795379538,5.849014271145265,6.3250786737847715,1.081392245012644,53.26885813148789,49.259515570934255,0.0001299148408218413,0.003209548417648207
2,207,8,211,135.07,112413.49,-2.55,-96.17,8706.42,4573.0,0,0,0,0,0,2,3,736,Failure,0.981042654028436,12.91156296158467,24.58200087469932,1.9038749179969385,42.06,22.091787439613526,0.00022971554324280243,0.0018414160079897883
141,427,58,164,89843.55,304447.47,16.21,1329.0,225530.55,4663572.0,0,0,0,0,0,1,3,736,Failure,2.6036585365853657,1.349916762939655,0.06528203488656334,0.04836004461815964,528.1745901639345,10921.714285714286,4.433989098151004e-06,0.0014025408061364413
18,72,35,81,10695.88,23707.44,-54.25,-56.84,5180.79,682049.0,1,0,1,0,0,5,3,737,Success,0.8888888888888888,4.57602798028872,0.034759144870823065,0.007595920527704021,71.95541666666666,9472.902777777777,0.0009651037776092063,0.0030370212895192397
8,1095,33,997,1154.08,483738.82,-18.68,-89.38,13588.79,10715.0,1,0,1,1,0,2,3,737,Success,1.098294884653962,35.59837336510462,45.14594680354643,1.2682025198320113,12.40985388127854,9.785388127853881,0.0001471801389233331,0.002263618206204745
312,999,290,883,150956.84,450185.71,3.27,18.32,136850.02,147160.0,1,0,0,1,0,1,3,738,Failure,1.131370328425821,3.289628382955297,3.0591581272084807,0.9299403370481109,136.987007007007,147.3073073073073,7.307269666456753e-06,0.0022190842086036006
68,451,46,249,127168.95,533971.64,-99.94,-58.55,2827.17,74988.0,0,0,0,0,0,1,3,739,Failure,1.8112449799196788,188.87142973362054,7.12076118845682,0.037701632261161785,6.268669623059867,166.27050997782706,0.0003537106010604244,0.0008446141446762978
39,2107,81,1920,7887.65,1140334.42,-23.31,-90.7,13804.45,10539.0,0,0,0,0,0,2,3,739,Success,1.0973958333333333,82.60629144949635,108.20138722838978,1.3098443875130468,6.551708590412909,5.001898433792121,0.00014488081741757187,0.0018477035885665891
364,801,356,751,109189.92,242081.22,0.66,20.5,110107.39,299833.0,1,0,0,1,0,1,3,739,Failure,1.066577896138482,2.1985919382886108,0.8073868453439081,0.36722905750867985,137.46240948813983,374.32334581772784,9.0820425404689e-06,0.003308806854162417
9,73,34,69,10363.86,28724.56,-50.49,-45.66,20243.51,1768705.0,1,0,1,1,0,7,3,740,Success,1.0579710144927537,1.4189515553379826,0.016240447106781516,0.011445385182944582,277.30835616438355,24228.835616438355,0.00034578983585356496,0.0025413792239115237
269,936,249,856,132074.14,440666.2,6.16,13.45,134124.32,141761.0,1,0,0,1,0,1,3,741,Failure,1.0934579439252337,3.28550556677566,3.1085150358702323,0.9461298946818942,143.2952136752137,151.45405982905982,7.455769393649115e-06,0.002124056712314219
1,278,19,275,1416.8,85642.92,-39.35,-92.7,9993.31,6004.0,0,0,0,0,0,2,3,741,Failure,1.010909090909091,8.570025346957115,14.264310459693537,1.664442038640906,35.94715827338129,21.597122302158272,0.00020013388957212377,0.00324603598289269
1144,4050,1143,4018,121422.65,484220.08,-40.12,3182.0,21121.78,8308091.0,0,0,0,0,0,1,3,742,Failure,1.0079641612742658,22.925154982203207,0.05828295332826759,0.0025423144739266817,5.215254320987654,2051.3804938271605,4.7344494640129765e-05,0.008363965410108561
20,91,1,5,9470.47,27564.27,13.2,46.71,317200.55,191742.0,0,0,0,0,0,1,3,742,Failure,18.2,0.08689855676479755,0.1437570798260162,1.6543091758717443,3485.7203296703296,2107.054945054945,3.1525796534715973e-06,0.003301375294901697
363,4055,270,2674,170293.6,3263381.15,53.17,132.0,119161.38,773634.0,1,0,1,1,0,3,3,743,Failure,1.5164547494390426,27.386231596176543,4.21824939183128,0.15402810631383834,29.38628360049322,190.78520345252775,2.5175942071164332e-05,0.0012425762770615992
48,776,52,721,10873.01,228501.97,-28.37,-64.43,25058.7,37278.0,0,0,0,0,0,2,3,743,Failure,1.0762829403606102,9.118668167143547,6.129673533987875,0.6722114920328344,32.29213917525773,48.03865979381443,7.981260001516439e-05,0.003396031990446297
1,170,1,248,12.6,61497.25,0.34,-95.18,8784.87,4685.0,0,0,0,0,0,2,3,743,Failure,0.6854838709677419,7.00035970936394,13.126414087513341,1.8751056563500534,51.67570588235294,27.558823529411764,0.00022766415439272293,0.0027643512514787245
286,1638,349,1227,81429.51,414749.7,-34.9,117.0,55543.89,182710.0,1,0,0,1,150,2,3,744,Failure,1.3349633251833741,7.467062533790846,2.2699890536916425,0.30400027365770893,33.90957875457875,111.54456654456655,3.600756086763099e-05,0.003949369945294716
1207,3340,1249,3407,128707.28,444278.99,-83.18,6280.0,36873.93,26398512.0,0,0,0,0,0,1,3,744,Failure,0.9803346052245377,12.048593410032508,0.016829698204201812,0.0013968185024974134,11.04009880239521,7903.746107784431,2.711943099094672e-05,0.007517798669705268
515,3084,384,2339,165787.16,1513665.49,37.78,370.0,97745.9,533280.0,1,0,1,1,0,2,3,745,Failure,1.3185121846943137,15.485718480263623,2.8384066344134413,0.1832918916891689,31.69452010376135,172.9182879377432,2.04612162760791e-05,0.002037438271780907
450,1498,366,951,217824.04,533404.04,33.93,128.0,70452.34,275348.0,1,0,0,0,500,2,4,385,Success,1.5751840168243953,7.571133052500457,1.9371996164853205,0.25586653979691154,47.03093457943925,183.81041388518025,2.838798540971102e-05,0.0028083776793291627
0,120,6,15,57.27,24837.6,-0.34,31.77,327128.82,191550.0,0,0,0,0,0,1,4,386,Success,8.0,0.07592605261743676,0.12966640563821455,1.7077985904463586,2726.0735,1596.25,3.0568997253131045e-06,0.0048313846748478115
11,45,0,1,1444.52,8062.25,33.45,1522.0,21403.59,2152361.0,0,0,0,0,0,1,4,386,Failure,45.0,0.37667746392077217,0.003745770342428617,0.009944237978666217,475.63533333333334,47830.24444444444,4.6721134164876076e-05,0.005581568420726224
94,230,60,175,33877.69,80726.23,29.51,5.69,44126.89,111509.0,0,0,0,0,0,2,4,387,Failure,1.3142857142857143,1.829411272808938,0.7239436278686024,0.3957249190648288,191.85604347826086,484.82173913043476,4.5323837687178954e-05,0.0028491359004378133
14,80,1,11,4727.36,29426.29,5.81,39.65,294768.92,182120.0,0,0,0,0,0,1,4,388,Failure,7.2727272727272725,0.0998283333263222,0.1615763782121678,1.6185422798155062,3684.6115,2276.5,3.392487919011272e-06,0.002718657363874277
412,1445,445,1201,171441.87,447076.62,-26.61,52.11,52889.79,153088.0,1,0,1,1,0,2,4,389,Failure,1.2031640299750208,8.452985349346253,2.920389710493311,0.3454861909489967,36.60193079584775,105.94325259515571,3.781448177427061e-05,0.0032321081786831083
30,117,5,10,46384.54,143805.24,14.15,56.91,1399655.26,878566.0,0,0,0,0,0,1,4,389,Failure,11.7,0.10274332838216176,0.16368177234265838,1.59311339159494,11962.86547008547,7509.111111111111,7.144616453625874e-07,0.0008136003945336068
15,39,36,76,1740.01,8441.23,-23.64,-31.78,12973.41,1346067.0,1,1,0,1,1000,5,4,392,Failure,0.5131578947368421,0.6506562268516912,0.006271032571187021,0.00963801207517902,332.65153846153845,34514.53846153846,0.0003854036833800828,0.00462017976053253
406,1509,345,1027,155845.95,449179.44,1.58,124.0,73353.13,300092.0,1,1,0,1,500,2,4,393,Failure,1.4693281402142162,6.123521109460496,1.4968057795609346,0.24443547312157607,48.61042412193506,198.86812458581844,2.7265366863009115e-05,0.003359459195193796
313,1149,78,196,366882.17,797083.9,-99.13,20401.0,53990.6,27266157.0,1,0,0,1,0,1,4,394,Failure,5.862244897959184,14.7633828851689,0.029233452297659696,0.0019801323670218724,46.98920800696258,23730.33681462141,1.8521742673724684e-05,0.0014415044639591891
36,141,4,13,29896.87,101562.46,9.62,34.58,1346655.9,2178846.0,0,0,0,0,0,1,4,395,Failure,10.846153846153847,0.07541827128964423,0.046612959337190424,0.6180592386979162,9550.751063829786,15452.808510638299,7.425801943911582e-07,0.0013883082390875525
15,38,18,51,547.1,2892.45,-12.96,-24.84,5133.52,2035192.0,1,0,1,1,0,6,4,395,Failure,0.7450980392156863,0.5634437968489456,0.0014212172610741393,0.0025223762672023082,135.0926315789474,53557.68421052631,0.0011687886674250805,0.013137651471935557
121,963,213,918,33147.59,236014.07,-56.76,-77.05,19361.91,20874.0,1,0,1,1,0,2,4,400,Failure,1.0490196078431373,12.189606810485124,11.306604867299033,0.9275610807703363,20.10582554517134,21.67601246105919,0.00010329559428796023,0.004080265214696734
13,219,12,183,991.82,40287.8,5.05,34.2,49595.76,141416.0,0,0,0,0,0,2,4,401,Failure,1.1967213114754098,0.8123234728129985,0.28488855575041017,0.3507082649770889,226.46465753424658,645.7351598173516,4.032602787012438e-05,0.0054358887802262714
27,480,22,457,2844.3,131390.65,32.29,-80.1,17716.2,17684.0,0,0,0,0,0,2,4,402,Success,1.0503282275711159,7.416412661857509,7.429916874010405,1.0018208550101788,36.908750000000005,36.84166666666667,0.00011289102629232002,0.0036532279884451445
243,1150,246,859,16187.11,214967.17,32.94,3343.0,29597.5,16236558.0,0,0,0,0,0,1,4,403,Failure,1.3387660069848661,7.263017822451221,0.013239700803581646,0.0018228925120706001,25.73695652173913,14118.746086956522,3.378663738491427e-05,0.005349654089040666
539,1220,372,797,109274.77,227398.04,7.85,64.06,60709.13,208134.0,1,1,1,1,0,2,4,406,Failure,1.5307402760351319,3.745697558176176,1.0925559495325128,0.2916829062046566,49.76158196721311,170.60163934426228,3.294397399534469e-05,0.005365041844687843
72,481,35,398,15383.09,145495.16,31.17,-47.14,32632.15,60435.0,1,0,0,1,0,2,4,407,Failure,1.2085427135678393,4.45864461888046,2.4074652105567966,0.5399544965665591,67.8423076923077,125.64449064449065,6.128925001876984e-05,0.003305951895581956
13,79,1,39,351.7,10129.63,25.1,138.0,6300.0,9736.0,1,0,1,1,0,1,4,412,Success,2.0256410256410255,1.6078777777777777,1.040430361544782,0.6470829909613804,79.74683544303798,123.24050632911393,0.00015873015873015873,0.007798902822709221
255,324,245,264,688743.78,748624.74,8.18,16033.0,111852.75,1412832.0,0,0,0,0,0,1,4,414,Failure,1.2272727272727273,6.692948899334169,0.5298752717945233,0.0791691793504111,345.224537037037,4360.592592592592,8.940325561955338e-06,0.0004327936049775753
5,16,0,1,2706.16,6668.79,32.97,245.0,91302.47,1865258.0,0,0,0,0,0,1,4,414,Failure,16.0,0.07304063077373482,0.0035752641189583426,0.04894897649547677,5706.404375,116578.625,1.0952606210982025e-05,0.0023992358433838823
67,165,4,8,13931.3,54382.54,14.46,70.58,427517.74,286474.0,0,0,0,0,0,1,4,415,Failure,20.625,0.1272053412333252,0.18983412107206937,1.492343947443747,2591.016606060606,1736.2060606060606,2.3390842213939474e-06,0.0030340620353517876
257,1799,256,1314,56598.29,289741.13,-45.57,13247.0,59081.7,64315950.0,0,0,0,0,0,1,4,415,Failure,1.3691019786910197,4.904075712107133,0.004504965409047056,0.0009186166106541223,32.841411895497494,35750.94496942746,1.6925714730618787e-05,0.00620899076358265
30,124,1,10,53046.54,162523.98,14.69,56.14,1645384.65,1024676.0,0,0,0,0,0,1,4,416,Failure,12.4,0.09877567534132521,0.15861011675885842,1.6057608941753294,13269.231048387095,8263.516129032258,6.077606230251389e-07,0.0007629643330171953
5,20,1,2,2682.15,7062.58,37.36,305.0,105423.95,2186438.0,0,0,0,0,0,1,4,416,Failure,10.0,0.06699217777364631,0.0032301762044018626,0.04821721448309991,5271.1975,109321.9,9.48551064535146e-06,0.002831826329754849
1416,3899,1437,4035,276546.31,828442.96,72.43,2676.0,24404.32,49246880.0,0,0,0,0,0,1,4,417,Failure,0.9662949194547708,33.94657011545497,0.01682224254612678,0.0004955505810723441,6.259122852013337,12630.643754808925,4.09763517278908e-05,0.004706419377382361
4,16,0,1,2305.5,6684.63,24.0,244.0,91194.79,1862748.0,0,0,0,0,0,1,4,418,Failure,16.0,0.07330056903470035,0.0035885852514671874,0.04895712678258143,5699.674375,116421.75,1.0965538711147864e-05,0.0023935505779676663
4,19,0,1,2305.54,6688.1,23.97,244.0,91270.86,1864846.0,0,0,0,0,0,1,4,419,Failure,19.0,0.07327749513919339,0.0035864087436710593,0.04894284032032672,4803.7294736842105,98149.78947368421,1.0956399446658003e-05,0.0028408666138365155
397,1734,339,1431,118585.42,443808.76,56.56,80.25,58707.16,187913.0,1,0,0,0,10,2,4,420,Success,1.2117400419287212,7.559704131489243,2.361777844002278,0.31241670347448025,33.85649365628605,108.36966551326412,3.40673948458757e-05,0.003907088269280669
500,1527,278,808,49014.43,160385.86,-24.15,65296.0,115317.63,246734204.0,0,0,0,0,0,1,4,420,Failure,1.8898514851485149,1.3908182122716186,0.0006500349663721532,0.00046737593787361565,75.51907662082515,161581.01113294042,8.67170093592801e-06,0.00952078942620004
1,14,0,5,320.07,1942.26,1.51,0.39,775342.32,793372.0,0,0,0,0,0,1,4,421,Failure,2.8,0.002505035453243414,0.002448107571227621,0.9772746202285938,55381.59428571428,56669.42857142857,1.2897528926319926e-06,0.007208097782995067
9,29,0,3,371.3,1358.21,15.94,141.0,6652.13,919122.0,1,0,0,0,1000,3,4,421,Success,9.666666666666666,0.20417670731029008,0.0014777254814921197,0.007237483163279739,229.38379310344828,31693.862068965518,0.00045098336923662046,0.0213516319273161
64,225,12,61,10481.6,107562.28,22.97,319524.0,214352.62,412734389.0,0,0,0,0,0,1,4,422,Failure,3.6885245901639343,0.5018006311282782,0.00026060896030643085,0.0005193476136537777,952.678311111111,1834375.0622222223,4.6652100636791845e-06,0.0020918113673306293
674,2234,423,1420,146505.3,330850.85,-35.67,65350.0,131007.83,316505582.0,0,0,0,0,0,1,4,423,Failure,1.5732394366197182,2.525428060292274,0.0010453239020599642,0.0004139194928953891,58.64271709937332,141676.62578334825,7.63313154641215e-06,0.006752287322217851
502,2678,389,1868,112697.51,902471.46,40.16,265.0,80725.47,347986.0,1,0,1,1,0,3,4,423,Failure,1.4336188436830835,11.179513231697504,2.593413125815406,0.23197907387078792,30.143939507094846,129.94249439880508,3.716299205195089e-05,0.0029674068584950044
30,122,2,10,8738.21,39316.58,-95.56,-94.2,6.95,10655.0,0,0,0,0,0,1,4,424,Failure,12.2,5657.061870503598,3.6899652745190052,0.0006522759267949319,0.0569672131147541,87.3360655737705,0.14388489208633093,0.003103016589947549
264,696,225,601,40262.57,120337.41,-26.34,13.59,21887.04,2173386.0,1,0,1,1,0,5,4,426,Failure,1.1580698835274543,5.49811258169218,0.05536863217118358,0.01007047988714384,31.44689655172414,3122.6810344827586,0.00022844569206251735,0.005783737575871044
0,47,2,5,114.52,56748.19,-0.72,528.0,133672.97,418567.0,0,0,0,0,0,1,4,426,Failure,9.4,0.42453003026715125,0.13557731498183087,0.3193585973093913,2844.105744680851,8905.68085106383,7.480943978427352e-06,0.0008282202480819212
261,629,177,481,71276.78,211391.13,0.58,26761.0,62344.9,7194228.0,0,0,0,0,0,1,4,427,Failure,1.3076923076923077,3.3906723725597443,0.02938343488696772,0.008665961101038221,99.1174880763116,11437.56438791733,1.60398043785458e-05,0.0029755269296303966
799,2878,780,2747,231894.25,908520.56,-1.0,764.0,178013.22,484143.0,1,0,0,1,0,1,4,427,Failure,1.0476883873316345,5.103669042108221,1.8765541585853767,0.36768727421443664,61.85309937456567,168.22202918693537,5.617560313778943e-06,0.003167787419142171
38,271,27,210,4955.25,58312.68,-11.07,-44.11,31137.78,55336.0,0,0,0,0,0,2,4,467,Failure,1.2904761904761906,1.8727308112524401,1.0537928292612404,0.5627038455978025,114.89955719557196,204.19188191881918,6.42306548507954e-05,0.00464735971661738
34,167,6,22,23870.37,101985.66,7.24,34.87,1347390.6,791520.0,0,0,0,0,0,1,4,468,Failure,7.590909090909091,0.07569123608254355,0.1288478623408126,1.7022824439053974,8068.207185628743,4739.640718562874,7.421752830990508e-07,0.001637485113103156
1,165,1,241,5.24,67755.51,0.12,-95.05,9561.75,5211.0,0,0,0,0,0,2,4,468,Failure,0.6846473029045643,7.086099301906032,13.002400690846287,1.834916522740357,57.95,31.581818181818182,0.00020916673203127042,0.0024352263011524823
30,144,2,18,62633.68,178682.51,18.89,69.38,1534406.67,997465.0,0,0,0,0,0,1,4,471,Failure,8.0,0.11645055609670937,0.17913662133508446,1.538306276410701,10655.601875,6926.840277777777,6.517177092302395e-07,0.0008058986858870518
1,108,5,161,571.23,30947.76,-10.06,-93.99,10348.39,6103.0,0,0,0,0,0,2,4,471,Failure,0.6708074534161491,2.990586941543564,5.070909388825168,1.6956234638702277,95.81842592592592,56.50925925925926,0.00019326677869697606,0.00348975176232464
4,18,1,3,3028.82,10136.38,55.6,330.0,10126.73,104882.0,0,0,0,0,0,1,4,473,Failure,6.0,1.000952923599227,0.09664556358574397,0.09655355542419099,562.5961111111111,5826.777777777777,9.874855950538822e-05,0.0017757818866301384
34,272,39,341,7619.34,98838.54,16.74,-80.12,18434.66,19271.0,0,0,0,0,0,2,4,475,Failure,0.7976539589442815,5.361560234905336,5.128874474599138,0.9566011104768823,67.77448529411765,70.84926470588235,0.00010849128760714871,0.002751962948865898
4,16,0,1,2295.98,6677.39,12061.0,244.0,91038.1,1859882.0,0,0,0,0,0,1,4,476,Failure,16.0,0.07334720298424506,0.003590222390452728,0.04894832037731426,5689.88125,116242.625,1.0984412020901138e-05,0.0023961457994815336
27,812,111,1014,4076.25,202333.88,-55.03,-93.42,11012.17,6565.0,1,0,1,1,0,2,4,476,Failure,0.8007889546351085,18.373661140356532,30.82008834729627,1.6774059405940593,13.561785714285714,8.084975369458128,0.00018161724710025364,0.0040131687288357245
488,1640,255,877,30252.08,238388.85,159.0,14275.0,60190.15,66970257.0,0,0,0,0,0,1,4,477,Failure,1.870011402508552,3.960595712089104,0.003559622744168355,0.00089875942987646,36.70131097560976,40835.52256097561,1.6614014087022544e-05,0.006879516386777317
2,260,22,454,1146.52,66780.39,-30.45,-93.83,10694.67,6495.0,0,0,0,0,0,2,4,478,Failure,0.5726872246696035,6.244268406598801,10.281815242494226,1.6466004618937644,41.133346153846155,24.98076923076923,0.00018700904282226567,0.003893358514378248
2,426,11,398,904.0,141431.55,-18.32,-95.84,9634.44,5278.0,0,0,0,0,0,2,4,480,Success,1.07035175879397,14.679789380597105,26.79642857142857,1.825395983327018,22.61605633802817,12.389671361502348,0.0002075886091978361,0.0030120577763589527
27,143,3,18,53586.17,167984.5,15.56,63.65,1524119.11,974789.0,0,0,0,0,0,1,4,480,Failure,7.944444444444445,0.1102174356963479,0.17232908865405744,1.5635374527205377,10658.175594405595,6816.706293706294,6.561166994356497e-07,0.0008512690158913471
235,1154,131,960,48560.17,381317.98,75.24,13.8,43768.94,104663.0,0,0,0,0,0,2,4,480,Failure,1.2020833333333334,8.712067964177336,3.643293045297765,0.4181892359286472,37.928024263431546,90.69584055459272,4.5694503910764115e-05,0.0030263456236708274
280,825,270,715,132674.76,360700.38,-1.99,8.9,139958.72,145784.0,1,0,0,1,0,1,4,481,Failure,1.1538461538461537,2.5771911889448544,2.4742110245294406,0.9600417055369588,169.64693333333332,176.7078787878788,7.144963886494532e-06,0.002287216886214536
488,1934,510,2018,174536.17,1043450.1,8.98,213.0,87479.49,418009.0,1,1,1,1,500,2,4,482,Success,0.958374628344896,11.927939909114695,2.4962383585042427,0.20927657060015456,45.232414684591525,216.13702171664943,2.286250182757124e-05,0.0018534666870988847
4065,8248,306,1230,225769.55,711846.48,32.46,144.0,68750.07,257647.0,1,1,1,1,500,2,4,485,Failure,6.705691056910569,10.354120075805012,2.762875096546826,0.26683823215484753,8.335362512124153,31.23751212415131,2.9090879471104535e-05,0.011586767978398938
372,1254,363,1185,111342.78,387277.65,4.56,30.7,122562.13,347980.0,1,0,1,1,10,1,4,485,Failure,1.058227848101266,3.159847580977909,1.1129307718834416,0.35221027070521294,97.73694577352472,277.49601275917064,8.159127130052326e-06,0.0032379870100946954
1057,3884,1016,3654,268545.09,1081068.7,-57.87,7837.0,41558.32,29913159.0,0,0,0,0,0,1,4,485,Failure,1.0629447181171319,26.01329168262817,0.03614023848166621,0.0013892989369661693,10.699876416065912,7701.637229660144,2.4062570383018372e-05,0.003592741145867973
31,129,2,9,35413.78,114832.7,14.54,55.42,1109424.2,692527.0,0,0,0,0,0,1,4,486,Failure,14.333333333333334,0.1035065757534404,0.1658169284374472,1.601994146076615,8600.187596899224,5368.426356589147,9.01368475647097e-07,0.0011233733945121903
277,1030,260,898,131386.56,473677.16,-0.4,11.82,141785.8,149034.0,1,0,0,1,0,1,4,487,Failure,1.1469933184855234,3.340794071056481,3.178316088946146,0.9513654602305514,137.65611650485437,144.69320388349516,7.05289246172748e-06,0.0021744768103237238
19,88,2,6,8746.24,27782.13,10.69,41.91,331564.12,198043.0,0,0,0,0,0,1,4,488,Failure,14.666666666666666,0.08379112311669912,0.14028332230879154,1.6742026731568396,3767.774090909091,2250.4886363636365,3.01600788408589e-06,0.0031675037155178523
47,209,1,9,9524.48,62801.09,8.62,81.74,440319.21,306036.0,0,0,0,0,0,1,4,488,Failure,23.22222222222222,0.1426262778769066,0.2052081781228352,1.4387823981492374,2106.7904784688994,1464.2870813397128,2.2710796560522535e-06,0.0033279677152100386
4,149,17,241,3799.29,36453.54,-56.8,-94.51,9974.78,5709.0,0,0,0,0,0,2,4,489,Failure,0.6182572614107884,3.6545708276272757,6.385275880189175,1.7472026624627781,66.9448322147651,38.31543624161074,0.00020050567531313974,0.004087394530133424
1258,2180,68,196,150628.43,415266.64,-6.48,729.0,14936.8,58841.0,1,0,1,1,50,1,4,489,Failure,11.122448979591837,27.801579990359382,7.057436821264085,0.25385020648867285,6.851743119266055,26.991284403669724,6.694874404156178e-05,0.005249639123431634
5,20,1,1,2292.71,6748.26,36.04,302.0,104926.04,2177397.0,0,0,0,0,0,1,4,494,Failure,20.0,0.0643144447269715,0.003099232707678021,0.04818875014524223,5246.302,108869.85,9.530522642425085e-06,0.0029637269459090194
0,268,7,289,81.82,200881.05,-3.67,-96.96,9797.89,5580.0,0,0,0,0,0,2,4,1043,Failure,0.9273356401384083,20.502480636136966,36.00018817204301,1.7558942652329748,36.55929104477612,20.82089552238806,0.00020412558214064457,0.0013341228552917262
139,1233,105,1009,33970.52,350916.49,79.72,92.39,59090.13,202065.0,1,0,0,1,0,2,4,1044,Failure,1.222001982160555,5.938665052860774,1.7366515230247692,0.2924312968599213,47.92386861313869,163.88077858880777,3.384660010055825e-05,0.0035136564827717275
13,743,34,876,1025.81,196674.48,-3.69,-91.96,11973.1,8263.0,1,0,0,1,0,2,4,1045,Failure,0.8481735159817352,16.426362429111926,23.801825003025538,1.4490015732784702,16.114535666218035,11.121130551816957,0.00016704111717099165,0.0037778160135468514
397,1265,360,1130,106986.1,358750.88,12.47,44.9,124736.11,373637.0,1,0,0,1,0,1,4,1045,Failure,1.1194690265486726,2.876078787449761,0.9601588707756459,0.33384303481721567,98.60562055335969,295.3652173913043,8.016924690051662e-06,0.003526123754734762
5,17,1,1,2576.06,6819.34,45.25,301.0,101481.59,2103521.0,0,0,0,0,0,1,4,1046,Failure,17.0,0.06719780405490297,0.0032418692278327623,0.04824367809971947,5969.505294117647,123736.5294117647,9.854004061229234e-06,0.0024929098710432386
180,1473,302,1422,54355.78,528665.83,-40.88,-26.88,34352.72,66822.0,1,0,0,0,0,2,4,1046,Failure,1.0358649789029535,15.389344133448528,7.9115535302744595,0.514092963395289,23.321602172437203,45.36456211812627,5.821955292040921e-05,0.002786259138405068
9,719,13,770,2630.63,322531.96,-4.96,-89.86,15931.61,14563.0,0,0,0,0,0,2,4,1047,Success,0.9337662337662338,20.24478128701368,22.147357000618005,1.0939785758428895,22.158011126564674,20.25452016689847,0.00012553659046386399,0.0022292364452812675
4,18,0,1,951.6,5476.72,16.83,239.0,87001.38,1774361.0,0,0,0,0,0,1,4,1047,Failure,18.0,0.06294980608353569,0.003086587227740015,0.04903251367675462,4833.41,98575.61111111111,1.1494070553823399e-05,0.003286638718064827
2,1496,17,1397,776.21,652849.74,-15.4,-90.75,14604.11,11932.0,0,0,0,0,0,2,4,1048,Failure,1.0708661417322836,44.70315137314085,54.714192088501505,1.2239448541736508,9.762105614973262,7.975935828877005,0.00013694774964034096,0.0022914920667656234
1983,6329,2054,6137,571010.43,2071921.99,-100.0,-99.99,70.05,75.0,0,0,0,0,0,1,4,1048,Failure,1.0312856444516865,29577.75860099929,27625.626533333332,0.9339999999999999,0.011068099225786063,0.01185021330383947,0.014275517487508924,0.003054651685993255
4,216,5,381,15334.25,105507.4,3.74,-95.2,9252.68,5009.0,0,0,0,0,0,2,4,1049,Failure,0.5669291338582677,11.402901645793435,21.063565581952485,1.8472110201637053,42.836481481481485,23.189814814814813,0.0002161535900949779,0.0020472497663670984
8,139,5,143,835.01,38230.51,18.09,-85.59,16768.92,16747.0,0,0,0,0,0,2,4,1049,Failure,0.972027972027972,2.2798433053529985,2.282827372066639,1.0013088911446826,120.63971223021582,120.4820143884892,0.00011926826533849527,0.0036358395428154108
322,1051,227,822,71449.25,293895.52,74.69,141.0,59458.82,205527.0,1,0,1,0,0,2,4,1050,Success,1.278588807785888,4.942841448922128,1.4299606377750855,0.28929931347219584,56.57356803044719,195.55375832540437,3.363672538405572e-05,0.0035761007857486224
158,781,173,521,57835.72,233066.26,-0.74,124.0,58241.38,195960.0,1,0,0,1,500,2,5,961,Failure,1.4990403071017275,4.0017296980256996,1.189356297203511,0.29721055317411715,74.57282970550575,250.9090909090909,3.4339845656129714e-05,0.0033509783870046225
17,103,4,9,6703.32,36664.38,6.75,39.14,408218.01,248237.0,0,0,0,0,0,1,5,962,Failure,11.444444444444445,0.0898156845162221,0.14769909401096531,1.6444688342189118,3963.281650485437,2410.0679611650485,2.449671439043074e-06,0.002809266105140739
16,66,34,120,3500.4,10509.49,-12.06,-36.52,3010.33,2113643.0,1,0,1,1,1500,6,5,963,Failure,0.55,3.491142167137822,0.004972216216267364,0.001424237678737611,45.611060606060605,32024.89393939394,0.0019931369650503434,0.006280038327264216
4,44,10,42,196.86,1574.52,-6.8,-10.62,5189.94,23478442.0,1,0,0,1,100,20,5,963,Failure,1.0476190476190477,0.3033792298176858,6.70623715151116e-05,0.00022105129463019732,117.9531818181818,533600.9545454546,0.003853609097600358,0.02794502451540787
1,372,7,341,247.18,111601.2,-6.07,-94.9,9492.07,5232.0,0,0,0,0,0,2,5,965,Failure,1.0909090909090908,11.757308995824935,21.330504587155964,1.8142335626911315,25.516317204301075,14.064516129032258,0.00021070219667575145,0.0033332974914248234
8,64,10,27,3660.92,13233.7,-4.88,191.0,43128.68,8757941.0,1,0,1,1,0,7,5,966,Success,2.3703703703703702,0.306842221927497,0.0015110515131353363,0.0049245227845220695,673.885625,136842.828125,0.00016230499055384955,0.004836138041515222
74,412,70,288,63604.79,342937.0,-96.61,379.0,8182.15,601111.0,0,0,0,0,0,1,5,966,Failure,1.4305555555555556,41.9128224244239,0.5705052810545806,0.013611712312700981,19.859587378640775,1459.0072815533981,0.000122217265633116,0.0012013868436476672
2290,6112,2306,6399,199481.59,775879.16,-84.5,1360.0,22129.09,8744429.0,0,0,0,0,0,1,5,967,Failure,0.9551492420690733,35.06150320686481,0.08872839610224979,0.002530650085900406,3.6205971858638746,1430.6984620418848,4.518938645918111e-05,0.007877515359479432
1,60,2,82,8.17,24056.21,-0.15,-94.5,9120.72,4893.0,0,0,0,0,0,2,5,975,Failure,0.7317073170731707,2.637534098185231,4.9164541181279375,1.8640343347639483,152.012,81.55,0.00021928093396135395,0.002494158473009672
4,82,4,20,7162.65,60094.07,-3.52,15902.0,106553.5,1363154.0,0,0,0,0,0,1,5,976,Failure,4.1,0.563980254050782,0.04408457885169247,0.07816688356561327,1299.4329268292684,16623.829268292684,9.38495685266087e-06,0.001364527315257562
8,141,13,165,836.0,45930.89,-0.31,-27.12,35622.69,74750.0,0,0,0,0,0,2,5,978,Failure,0.8545454545454545,1.2893717459293499,0.6144600668896321,0.4765577257525084,252.64319148936173,530.1418439716313,5.61439913717914e-05,0.003069829476415545
228,774,143,434,187016.64,618656.36,-43.48,59419.0,90435.88,74691563.0,0,0,0,0,0,1,5,979,Failure,1.7834101382488479,6.840828662252194,0.008282814486021667,0.0012107911036752573,116.84222222222223,96500.72739018088,1.1057558128477325e-05,0.0012510984288596014
708,3454,609,2729,348532.07,1521972.91,8.88,263.0,78174.04,320982.0,1,0,0,0,0,2,5,979,Failure,1.2656650787834371,19.46903230279515,4.74161451420952,0.2435464917035846,22.63290098436595,92.93051534452809,2.5583940653444547e-05,0.002269422784929858
214,925,72,186,197359.72,751826.97,-98.4,-82.14,38110.97,83418.0,0,0,0,0,0,1,5,980,Failure,4.973118279569892,19.7273113226979,9.01276666906423,0.45686746265793954,41.20104864864865,90.18162162162162,2.623916420915028e-05,0.0012303362833605185
249,962,235,876,71897.19,285723.71,8.52,31.94,119882.38,402603.0,1,0,0,1,0,1,5,980,Failure,1.0981735159817352,2.3833670135677987,0.7096909610708316,0.2977682232869601,124.61785862785864,418.50623700623703,8.341509402799645e-06,0.0033668889431682095
30,126,3,8,13377.74,40986.28,15.12,59.8,351576.53,226559.0,0,0,0,0,0,1,5,981,Failure,15.75,0.11657854407971999,0.18090775471290038,1.5518100362378013,2790.2899206349207,1798.0873015873017,2.8443309341496714e-06,0.0030741994638205762
76,645,140,759,17661.41,148743.64,-78.86,-91.66,12703.08,9311.0,1,0,0,0,0,3,5,981,Failure,0.849802371541502,11.709257912254351,15.975044570937602,1.3643088819675653,19.694697674418606,14.435658914728682,0.00023616319821649553,0.0043363198587852226
598,1851,410,1166,163550.42,422440.17,14.72,227.0,76756.97,336213.0,1,0,0,1,500,2,5,982,Failure,1.5874785591766725,5.5036066431491495,1.256465901080565,0.22829863806575,41.467839005942736,181.6385737439222,2.6056265639459193e-05,0.004381685576918502
4,570,2,1082,183.52,1078023.86,-0.47,-99.66,8986.43,4631.0,0,0,0,0,0,2,5,985,Failure,0.5268022181146026,119.96130387706799,232.78424962211187,1.9404944936298856,15.765666666666668,8.124561403508771,0.00022255778991212306,0.0005287452543026273
886,1856,592,1349,313262.42,647875.19,11.16,413.0,95617.21,519614.0,1,0,0,1,0,3,5,986,Failure,1.3758339510748703,6.7757173630144605,1.2468393653750667,0.18401584637827312,51.51789331896552,279.96443965517244,3.1375104962799056e-05,0.0028647493045689866
32,123,5,11,101.83,12013.04,0.99,3076.0,29146.89,1639433.0,0,0,0,0,0,1,5,986,Failure,11.181818181818182,0.4121551218672044,0.00732755775929849,0.01777864054218745,236.96658536585366,13328.723577235773,3.4308977733130364e-05,0.01023887375718386
2,99,8,104,378.45,34419.01,-10.2,-94.17,9622.81,5453.0,1,0,0,1,0,2,5,987,Failure,0.9519230769230769,3.576814880476701,6.311940216394645,1.7646818265175133,97.20010101010101,55.08080808080808,0.00020783949802604437,0.0028763174768826876
708,2186,465,1390,45421.36,206875.34,20.76,166563.0,201884.8,783212532.0,0,0,0,0,0,1,5,987,Failure,1.572661870503597,1.0247197411593147,0.00026413691245686044,0.0002577650276923812,92.35352241537053,358285.6962488564,4.953319913138582e-06,0.01056675000509969
530,2638,762,2684,232890.87,1140900.52,-70.55,33.11,49316.82,131976.0,0,0,0,0,0,2,5,988,Failure,0.9828614008941878,23.134105564795135,8.644757531672425,0.3736802145844699,18.694776345716452,50.02880970432145,4.055411520856373e-05,0.002312208605181458
9,194,17,236,742.89,63521.16,-10.1,-94.24,9181.86,4917.0,0,0,0,0,0,2,5,988,Failure,0.8220338983050848,6.91811463036901,12.918682123245881,1.8673703477730323,47.32917525773196,25.34536082474227,0.00021782079012313407,0.003054100397410878
11,59,3,35,1603.72,15940.07,15.17,140.0,15633.13,15365.0,1,0,1,1,0,1,5,989,Failure,1.6857142857142857,1.0196339440662234,1.0374272697689555,1.0174506996420436,264.96830508474574,260.4237288135593,6.396671683789491e-05,0.003701363921237485
0,111,1,94,12.01,112687.97,-0.51,-95.51,9038.56,4784.0,0,0,0,0,0,2,5,990,Failure,1.1808510638297873,12.46746937565276,23.555177675585284,1.8893311036789298,81.42846846846847,43.0990990990991,0.00022127418526844984,0.0009850208500516958
49,752,91,970,11755.32,222370.77,-42.14,-80.61,18382.71,19304.0,0,0,0,0,0,2,5,990,Failure,0.7752577319587629,12.096734921020895,11.519414111065064,0.9522746581019478,24.445093085106382,25.670212765957448,0.00010879788670984855,0.003381739425554897
51,932,48,1027,14569.05,362021.48,20.72,-83.43,19611.32,21526.0,0,0,0,0,0,2,5,991,Failure,0.9074975657254138,18.459822184330275,16.817870482207564,0.9110526804794202,21.042188841201718,23.09656652360515,0.00010198191656655442,0.0025744328761928715
95,368,69,283,26182.55,90108.71,11.8,12.19,32578.45,28188690.0,1,0,0,1,100,21,5,991,Failure,1.3003533568904593,2.765899237072359,0.0031966263774584774,0.0011557277049767123,88.52839673913044,76599.70108695653,0.0006445978860258852,0.004083955923905691
135,1352,115,1322,49476.06,659359.59,-2.28,-45.22,34405.56,64323.0,0,0,0,0,0,2,5,992,Failure,1.0226928895612708,19.16433245091782,10.250759292943426,0.5348873653281097,25.447899408284023,47.576183431952664,5.813013943095244e-05,0.0020504744611358427
1278,3856,1317,3745,364195.32,991360.72,-83.16,18094.0,60368.93,66824939.0,0,0,0,0,0,1,5,995,Failure,1.0296395193591454,16.421704343608543,0.014835190796058937,0.0009033892271865748,15.65584284232365,17330.11903526971,1.656481239604545e-05,0.003889603372625052
44,158,3,12,20112.41,68436.25,6.24,22.26,1249742.89,701298.0,0,0,0,0,0,1,5,996,Failure,13.166666666666666,0.05476026352908477,0.09758512073326889,1.782042569635162,7909.765126582278,4438.594936708861,8.001645842530059e-07,0.00230871796745146
15,624,17,671,5554.65,200290.65,13.01,-91.16,11508.1,7604.0,0,0,0,0,0,2,5,996,Failure,0.9299552906110283,17.404319566218575,26.340169647553918,1.513427143608627,18.44246794871795,12.185897435897436,0.00017379063442271095,0.0031154724396770393
17,99,0,8,6829.33,31550.18,9.31,42.15,320552.08,199151.0,0,0,0,0,0,1,5,997,Failure,12.375,0.09842450562167619,0.1584234073642613,1.609593122806313,3237.899797979798,2011.6262626262626,3.119617879253817e-06,0.003137858484484082
7,31,2,2,2395.27,6867.31,26.18,256.0,92699.33,1899402.0,0,0,0,0,0,1,5,1007,Failure,15.5,0.07408154945672207,0.0036155116189200602,0.04880448162105758,2990.3009677419354,61271.032258064515,1.078756448401515e-05,0.004514140180070508
1300,3825,1408,4108,324657.52,1034562.72,-83.06,8674.0,62104.06,71110350.0,0,0,0,0,0,1,5,1007,Failure,0.931110029211295,16.65853601197732,0.01454869396649011,0.0008733476912995084,16.236355555555555,18590.941176470587,1.610200685752268e-05,0.003697214220129641
1,336,7,398,302.03,90460.0,-6.7,-92.63,11243.22,7317.0,0,0,0,0,0,2,5,1021,Failure,0.8442211055276382,8.045737786861771,12.362990296569633,1.5365887658876587,33.46196428571428,21.776785714285715,0.00017788498312760936,0.003714348883484413
2,158,7,191,171.18,98668.57,-2.85,-96.22,9373.12,5128.0,1,0,1,1,0,2,5,1023,Failure,0.8272251308900523,10.526758432624355,19.241140795631825,1.8278315132605305,59.323544303797476,32.45569620253165,0.00021337612235840359,0.0016013204610140796
6,114,12,158,578.46,18685.59,-0.52,-6.2,42064.42,104386.0,0,0,0,0,0,2,5,1023,Failure,0.7215189873417721,0.4442136608563722,0.17900475159504148,0.4029699384974996,368.9861403508772,915.6666666666666,4.75461209259512e-05,0.0061009580109592475
60,301,125,425,54242.0,149967.68,-14.88,-20.37,35528.02,18141457.0,1,0,1,0,0,15,5,1024,Failure,0.7082352941176471,4.221109985864678,0.00826657307624189,0.0019583884579943054,118.03328903654484,60270.62126245847,0.0004222019690373964,0.0020070991296257967
20,90,1,4,1583.17,5696.78,1.5,5.36,479488.99,245686.0,0,0,0,0,0,1,5,1024,Failure,22.5,0.011880940165070318,0.023187238996116993,1.9516333450013432,5327.655444444445,2729.8444444444444,2.0855536224095575e-06,0.01579839839347842
27,487,19,440,3018.84,112203.43,-3.35,-62.74,23560.49,32193.0,1,0,1,1,0,2,5,1025,Failure,1.106818181818182,4.762355536748174,3.48533625322275,0.7318513341409624,48.378829568788504,66.1047227926078,8.488787796858214e-05,0.004340330772419346
1,122,5,155,14.79,69548.37,1.21,-94.19,8937.62,4664.0,0,0,0,0,0,2,5,1025,Failure,0.7870967741935484,7.7815313248940985,14.911743138936535,1.9162993138936537,73.25918032786886,38.22950819672131,0.00022377321926866434,0.001754174828252625
393,1275,364,1141,110411.36,385511.48,7.34,43.89,125328.29,438046.0,1,0,0,1,0,1,5,1028,Failure,1.1174408413672217,3.076013244894668,0.8800707688233655,0.28610760057162943,98.29669803921568,343.56549019607843,7.979044475912024e-06,0.0033072945065086
3,28,0,8,180.67,3256.65,12.5,19.0,6380.4,4359.0,0,0,0,0,0,1,5,1055,Failure,3.5,0.5104147075418469,0.7471094287680661,1.463730213351686,227.87142857142857,155.67857142857142,0.00015672998558084134,0.00859779220978613
29,127,5,12,57010.44,186965.74,12.79,53.03,1916997.96,1187801.0,0,0,0,0,0,1,5,1055,Failure,10.583333333333334,0.09753048459164766,0.157404935675252,1.6139049891353854,15094.472125984252,9352.763779527559,5.216489640917511e-07,0.000679268832888849
31,133,1,8,11505.29,40714.66,14.49,61.08,352435.27,228320.0,0,0,0,0,0,1,5,1056,Failure,16.625,0.1155237953341049,0.17832279257182904,1.5436022687456203,2649.889248120301,1716.6917293233082,2.837400467893012e-06,0.003266636636533376
0,235,4,240,28.08,108215.82,-3.63,-91.89,10577.89,6583.0,0,0,0,0,0,2,5,1249,Failure,0.9791666666666666,10.230378648293753,16.438678414096916,1.6068494607321888,45.012297872340426,28.01276595744681,0.00018907362432394364,0.0021715863724915633
56,223,15,73,1784.6,15550.17,-1.5,12.39,43127.57,111224.0,0,0,0,0,0,2,5,1250,Failure,3.0547945205479454,0.36056216475910885,0.13980948356469827,0.3877541717614903,193.39717488789236,498.76233183856505,4.637404796977896e-05,0.01434067923373185
317,1854,1299,2496,850831.36,5385818.88,-99.91,-98.79,10289.32,5699.0,0,0,0,0,0,2,5,1251,Failure,0.7427884615384616,523.4377859761383,945.0463028601508,1.8054606071240569,5.549795037756203,3.0738942826321467,0.00019437630475094565,0.00034423734650356456
16,88,0,4,6826.59,26075.11,9.17,41.26,319668.96,190583.0,0,0,0,0,0,1,5,1251,Failure,22.0,0.08156910198600452,0.1368176070268597,1.6773214819789803,3632.6018181818185,2165.715909090909,3.1282361603078383e-06,0.003374865916193642
189,928,106,210,190989.53,385905.67,-50.28,557932.0,272483.71,695655992.0,0,0,0,0,0,1,5,1252,Failure,4.419047619047619,1.416252259630493,0.0005547363559545103,0.0003916931833169634,293.62468750000005,749629.301724138,3.669944159230656e-06,0.002404732742071398
5,1204,29,1194,1197.13,815738.15,-27.52,-95.48,11120.44,6947.0,0,0,0,0,0,2,5,1252,Failure,1.0083752093802345,73.35484477232914,117.42308190585865,1.600754282424068,9.23624584717608,5.769933554817276,0.00017984899878062378,0.0014759638249112169
2,425,19,423,273.62,135952.32,-7.43,-92.63,10516.93,6496.0,0,0,0,0,0,2,5,1253,Failure,1.0047281323877069,12.926996756658074,20.928620689655173,1.6189855295566502,24.745717647058825,15.284705882352942,0.00019016956469235794,0.0031260959724703483
1920,4942,2126,5004,690559.11,2371705.35,-99.77,322.0,17540.3,5638949.0,0,0,0,0,0,1,5,1253,Failure,0.9876099120703438,135.21464000045611,0.42059350953519886,0.0031105619149951525,3.5492310805341964,1141.0256980979361,5.701156764707559e-05,0.0020837327031370066
1,19,2,6,98.11,1487.05,-8.34,36.05,4290.43,3054.0,0,0,0,0,0,1,5,1253,Failure,3.1666666666666665,0.34659696114375477,0.48691879502292074,1.4048559266535692,225.81210526315792,160.73684210526315,0.00023307687108285182,0.012776974546921758
376,2219,422,1844,315015.24,1389935.91,42.59,589.0,123047.81,843243.0,1,0,0,1,0,2,5,1254,Failure,1.2033622559652928,11.295901243589787,1.6483219072082425,0.1459221244647154,55.45191978368634,380.0103650292925,1.625384474538799e-05,0.0015964764878979205
32,134,7,13,52879.08,158423.05,11.53,40.46,1993532.8,1183287.0,0,0,0,0,0,1,5,1254,Failure,10.307692307692308,0.07946849432324363,0.13388387601655388,1.684741571571394,14877.110447761195,8830.5,5.016220450448571e-07,0.0008458365117954743
4,18,0,2,2208.65,6492.36,23.96,242.0,88275.22,1804892.0,0,0,0,0,0,1,5,1255,Failure,9.0,0.07354680056305722,0.003597090573840429,0.048908865461202114,4904.178888888889,100271.77777777778,1.1328207395008474e-05,0.0027724895107480176
0,190,3,225,43.16,64205.1,-1.94,-93.37,9389.35,5200.0,0,0,0,0,0,2,5,1255,Failure,0.8444444444444444,6.8380771831915945,12.347134615384615,1.8056442307692309,49.41763157894737,27.36842105263158,0.00021300729017450622,0.0029592664757161036
4,15,1,1,2310.77,6395.82,38.54,277.0,96482.31,1992227.0,0,0,0,0,0,1,5,1256,Failure,15.0,0.06629007949747472,0.0032103871697351754,0.04842937576892593,6432.1539999999995,132815.13333333333,1.036459429713074e-05,0.0023452817621509047
0,185,19,312,48.89,54720.58,-2.39,-94.71,9376.71,5206.0,0,0,0,0,0,2,5,1256,Failure,0.592948717948718,5.8357974172177665,10.51106031502113,1.8011352285824047,50.68491891891892,28.14054054054054,0.0002132944284295878,0.0033808121185850003
2,49,4,26,120.59,5209.54,0.08,-26.32,34784.01,72402.0,1,0,1,1,0,2,5,1257,Failure,1.8846153846153846,0.14976824121198215,0.0719529847241789,0.48042885555647635,709.8777551020409,1477.591836734694,5.749768356207349e-05,0.009405820859423288
412,1222,395,1170,116697.67,370004.5,8.69,30.85,20.22,395111.0,1,0,0,1,0,1,5,1257,Failure,1.0444444444444445,18298.936696340257,0.9364570968664502,5.117549245655018e-05,0.016546644844517185,323.3314238952537,0.04945598417408507,0.003302662535185383
0,328,7,350,195.63,182935.99,-8.88,-95.36,8965.79,4716.0,0,0,0,0,0,2,5,1258,Failure,0.9371428571428572,20.40377813890354,38.790498303647155,1.9011429177268875,27.3347256097561,14.378048780487806,0.00022307013659699813,0.0017929768767753138
59,631,40,658,15428.54,196367.63,49.39,-75.79,20305.56,24010.0,0,0,0,0,10,2,5,1258,Failure,0.958966565349544,9.670633560463243,8.17857684298209,0.8457126197417744,32.17996830427892,38.050713153724246,9.849519047984887e-05,0.0032133605727176114
59,1164,51,1053,11826.07,388615.04,8.23,-31.99,34784.24,69933.0,0,0,0,0,0,2,5,1261,Failure,1.1054131054131053,11.172158425769831,5.556962235282342,0.4973937912001487,29.8833676975945,60.079896907216494,5.7497303376471644e-05,0.0029952520622979492
0,79,3,78,1135.02,53179.16,-27.06,-95.19,9469.77,5301.0,0,0,0,0,0,2,5,1261,Failure,1.0128205128205128,5.615675987906782,10.03191096019619,1.7864119977362762,119.87050632911392,67.10126582278481,0.00021119837123816101,0.0014855443372930298
4,15,0,1,2203.08,6398.3,23.94,237.0,87074.66,1778859.0,0,0,0,0,0,1,5,1262,Failure,15.0,0.0734806199645224,0.003596856187027752,0.04894972563873809,5804.977333333333,118590.6,1.1484397412519324e-05,0.0023443727240048135
1,103,3,174,16.79,32044.25,0.23,-93.18,9078.42,4912.0,0,0,0,0,0,2,5,1262,Failure,0.5919540229885057,3.5297166246990113,6.523666530944626,1.8482125407166123,88.14,47.689320388349515,0.0002203026517830195,0.0032143052185649532
26,511,53,379,7682.4,193453.35,-32.32,-62.99,29128.46,49841.0,0,0,0,0,0,2,5,1263,Failure,1.3482849604221636,6.641386122026362,3.8814098834293054,0.5844276800224715,57.00285714285714,97.53620352250489,6.866137104398929e-05,0.002641463691375724
42,398,31,461,6159.55,115843.62,51.37,-39.62,28854.17,49296.0,0,0,0,0,0,2,5,1264,Success,0.8633405639913232,4.014796474824956,2.349959834469328,0.5853247728010386,72.49791457286432,123.85929648241206,6.931407141498092e-05,0.0034356661160968556
2274,6716,2329,7061,161038.01,718698.6,997.0,3118.0,34754.2,21490544.0,0,0,0,0,0,1,5,1264,Failure,0.9511400651465798,20.679474710970187,0.03344255036075401,0.0016171856794318467,5.1748362120309706,3199.9023228111973,2.8773500756743072e-05,0.009344668265667972
1,445,6,557,32.83,231760.59,-1.56,-92.77,10504.25,6425.0,0,0,0,0,0,2,5,1264,Failure,0.7989228007181328,22.06350667586929,36.07168715953307,1.6349027237354086,23.605056179775282,14.438202247191011,0.00019039912416402884,0.001920084859984176
1,178,3,228,44.38,111376.87,-1.31,-93.45,10607.71,6648.0,0,0,0,0,0,2,5,1265,Failure,0.7807017543859649,10.499614902745268,16.75344013237064,1.5956242478941034,59.593876404494374,37.348314606741575,0.00018854210758024117,0.0015981774312745546
4,16,0,1,2198.25,6446.16,12065.0,240.0,87522.61,1789182.0,0,0,0,0,0,1,5,1267,Failure,16.0,0.07365136848638312,0.00360285314741597,0.04891766740331615,5470.163125,111823.875,1.1425619048609267e-05,0.0024820978691189794
8,4838,66,4153,3722.5,3836202.1,-25.14,-89.55,14519.82,10856.0,1,0,0,1,0,2,5,1268,Failure,1.1649410065013244,264.204521819141,353.3716009579956,1.3374926308032424,3.0012029764365438,2.2439024390243905,0.00013774275438676236,0.0012611431498877497
573,3154,573,2007,140147.62,762846.83,-93.16,-87.75,14588.13,11877.0,1,0,0,1,0,2,5,1271,Failure,1.5714997508719482,52.29229723069372,64.22891555106509,1.2282672392018186,4.625279010779962,3.76569435637286,0.00013709776372982692,0.004134512822187385
134,685,104,466,34682.16,161381.59,14.18,117.0,63349.44,238602.0,0,0,0,0,0,2,5,1272,Failure,1.4699570815450644,2.5474825033970308,0.6763631067635644,0.26550255236754094,92.48093430656935,348.32408759124087,3.1570918385387464e-05,0.0042445981601742806
265,2902,161,1901,123932.27,1841772.15,40.55,247.0,78058.28,342670.0,0,0,0,0,0,2,5,1272,Failure,1.5265649658074698,23.594833885655692,5.374769165669594,0.2277943210669157,26.898097863542382,118.08063404548587,2.5621881496748327e-05,0.0015756563590127043
567,2121,414,1443,44562.5,293294.1,-99.99,-99.98,71.43,94.0,0,0,0,0,0,1,5,1273,Failure,1.4698544698544698,4106.035279294413,3120.1499999999996,0.7598936170212767,0.03367751060820368,0.04431871758604432,0.013999720005599887,0.007231649051242422
6,491,34,599,973.01,130504.96,-15.26,-87.71,13065.69,10088.0,1,0,1,0,0,2,5,1273,Failure,0.8196994991652755,9.988371069572292,12.93665344964314,1.2951714908802539,26.610366598778004,20.545824847250508,0.00015307266589058825,0.0037623091107035316
115,716,64,458,20771.55,151957.58,5.45,32.17,43997.69,114337.0,1,0,1,1,500,2,5,1284,Failure,1.5633187772925765,3.4537626861773876,1.3290324217007616,0.3848071053114915,61.44928770949721,159.6885474860335,4.5456931943472486e-05,0.004711841291497272
13,674,25,751,1133.34,146547.26,11.13,-79.75,16692.58,16452.0,0,0,0,0,0,2,5,1285,Success,0.8974700399467377,8.779185722039372,8.907565037685389,1.014623146122052,24.766439169139467,24.409495548961424,0.00011981371363803557,0.004599198920539354
149,674,147,614,155694.82,618992.48,-4.19,939.0,167022.67,1645402.0,0,0,0,0,0,1,5,1285,Failure,1.0977198697068404,3.706038707200645,0.37619528844622774,0.10150873160479933,247.80811572700298,2441.2492581602373,5.987211197138687e-06,0.0010888662169207613
15,82,0,3,6564.01,23791.04,9.39,38.83,314491.04,185161.0,0,0,0,0,0,1,5,1286,Failure,27.333333333333332,0.07564934123401418,0.12848839658459396,1.6984734366308238,3835.2565853658534,2258.060975609756,3.1797408282283657e-06,0.00344667572329751
221,2030,413,1881,128225.33,981268.94,-43.2,168.0,63437.37,227573.0,0,0,0,0,0,2,5,1286,Success,1.0792131844763424,15.468310555749708,4.31188647159373,0.2787561353939176,31.249935960591134,112.10492610837439,3.15271582034375e-05,0.002068749878091525
228,5334,465,4681,69409.74,2402119.23,-32.42,-44.17,36958.61,71364.0,0,0,0,0,0,2,5,1287,Failure,1.1395001068147832,64.99484774995597,33.660097948545484,0.5178887113951012,6.92887326584177,13.379077615298089,5.411458926620888e-05,0.002220539236097785
1,305,10,301,82.15,135580.76,-2.51,-91.43,11919.8,8385.0,0,0,0,0,0,2,5,1299,Failure,1.0132890365448506,11.374415678115406,16.169440667859273,1.4215623136553368,39.081311475409834,27.491803278688526,0.0001677880501350694,0.0022495817253126472
1,183,4,235,37.47,121761.9,-0.84,-94.91,9044.35,4826.0,0,0,0,0,0,2,5,1300,Failure,0.7787234042553192,13.462758517748648,25.230397845006216,1.8740882718607543,49.422677595628414,26.371584699453553,0.00022113253025369428,0.00150293318353278
493,1232,661,1632,60435.23,294154.83,10.24,89281.0,193923.34,732430035.0,0,0,0,0,0,1,5,1301,Failure,0.7549019607843137,1.5168614051305016,0.0004016149201199812,0.00026476705041185265,157.40530844155845,594504.8985389611,5.156676860041705e-06,0.004188270510465526
4,16,0,1,2202.71,6399.15,12098.0,239.0,87246.76,1782752.0,0,0,0,0,0,1,5,1301,Failure,16.0,0.07334541706763667,0.003589478514117499,0.048939370142341725,5452.9225,111422.0,1.1461743679650684e-05,0.002500332075353758
66,356,33,252,59190.81,359760.33,45.44,160087.0,145545.21,198159645.0,0,0,0,0,0,1,5,1302,Failure,1.4126984126984128,2.4718115422692373,0.0018155075419114726,0.000734484612141892,408.83485955056176,556628.2162921348,6.870717353047895e-06,0.00098954768025702
18,80,2,4,8610.62,26351.03,11.77,42.91,319984.93,191386.0,0,0,0,0,0,1,5,1303,Failure,20.0,0.08235084696019904,0.13768525388481914,1.671934885519317,3999.811625,2392.325,3.125147174899768e-06,0.0030359344587289378
1669,5491,1842,5839,389093.19,1291398.58,-88.01,15292.0,79898.41,118292577.0,0,0,0,0,0,1,5,1304,Failure,0.9404007535536907,16.16300724883011,0.0109169874623663,0.0006754304625555669,14.550794026588964,21542.993443817155,1.251589362041122e-05,0.004251979276607227
71,860,114,903,23969.79,244406.96,-31.65,-78.74,19226.04,21508.0,1,0,1,1,0,2,5,1304,Success,0.9523809523809523,12.712288125895919,11.363537288450809,0.8939018039799145,22.35586046511628,25.009302325581395,0.00010402558197111833,0.0035187213981140307
20,100,2,10,6598.54,30074.96,9.03,43.18,314245.3,193792.0,0,0,0,0,0,1,5,1305,Failure,10.0,0.09570536138487991,0.15519195838837516,1.6215597135072655,3142.453,1937.92,3.182227387330853e-06,0.003325025203691044
78,1559,187,1604,23349.84,535023.16,-26.49,-71.83,22084.47,27749.0,1,0,1,0,0,2,5,1305,Failure,0.9719451371571073,24.226216884534697,19.28080867779019,0.7958654365923097,14.165792174470816,17.79923027581783,9.05613763880229e-05,0.0029138925499972747
729,2118,482,1402,55587.7,316913.34,-10.0,129.0,7942.39,1176398.0,0,0,0,0,0,1,5,1306,Failure,1.5106990014265336,39.90150823618583,0.2693929605456657,0.006751448064345571,3.7499480642115204,555.4287063267233,0.00012590668551909438,0.006683215039164965
30,134,0,7,58734.23,192857.84,12.43,51.65,2025103.61,1249038.0,0,0,0,0,0,1,5,1307,Failure,19.142857142857142,0.09523356683957518,0.15440510216662742,1.6213306640790754,15112.713507462688,9321.179104477613,4.938018949065031e-07,0.0006948123031970077
1,610,11,665,105.45,264680.19,-2.8,-90.54,11926.97,8240.0,0,0,0,0,0,2,5,1307,Failure,0.9172932330827067,22.191737717123463,32.1213822815534,1.4474478155339805,19.55240983606557,13.508196721311476,0.00016768718291401756,0.0023046681355336795
2225,5874,2260,5867,530506.19,1547319.63,-87.44,3276.0,48919.04,44913213.0,0,0,0,0,0,1,5,1308,Failure,1.001193114027612,31.630212489860796,0.03445132348914783,0.001089190390364635,8.328062648961525,7646.103677221655,2.0441938353655346e-05,0.0037962421506925496
80,2943,191,2350,15594.61,1496918.28,-41.85,-92.75,16966.37,15918.0,1,0,1,1,0,2,5,1308,Failure,1.2523404255319148,88.22855330869244,94.0393441387109,1.065860660887046,5.764991505266734,5.408766564729867,0.00011788025370188203,0.0019660391881913554
9,46,5,27,319.17,1189.08,1.9,11.47,5163.72,17352575.0,1,0,1,1,0,10,5,1309,Failure,1.7037037037037037,0.23027584764472123,6.852470022460643e-05,0.0002975765844550449,112.25478260869566,377229.89130434784,0.0019365883510337508,0.03868537020217311
472,1007,362,1223,656474.5,1354113.66,44.93,83.65,68264.48,247033.0,0,0,0,0,0,2,5,1309,Failure,0.8233851185609158,19.836284697400462,5.481509191079734,0.27633749337133096,67.78995034756703,245.31578947368422,2.929781344558693e-05,0.0007436598785954202
96,579,110,588,19723.1,135890.01,-14.72,-40.9,30220.56,53557.0,1,0,1,0,0,2,5,1310,Failure,0.9846938775510204,4.496607938436614,2.537296898631365,0.564269096476651,52.19440414507772,92.49913644214162,6.618011049431248e-05,0.00426079886225632
4,409,18,444,257.48,112062.99,-8.22,-92.46,10314.36,6279.0,0,0,0,0,0,2,5,1310,Failure,0.9211711711711712,10.864754575174805,17.847267080745343,1.642675585284281,25.218484107579464,15.352078239608803,0.00019390442063298158,0.0036497330653055032
0,471,5,534,24.9,368162.36,-1.04,-96.01,9362.31,5116.0,0,0,0,0,0,2,5,1311,Failure,0.8820224719101124,39.32388053802961,71.96293197810789,1.8300058639562158,19.87751592356688,10.8619957537155,0.00021362249273950554,0.001279326870894678
4,16,1,1,2203.9,6393.25,24.31,239.0,87240.08,1782235.0,0,0,0,0,0,1,5,1311,Failure,16.0,0.07328340368326118,0.003587209318636431,0.048949818626612095,5452.505,111389.6875,1.1462621308921312e-05,0.002502639502600399
361,1041,355,999,109719.41,321516.58,2.55,24.25,114460.14,373213.0,1,0,0,1,0,1,5,1312,Failure,1.042042042042042,2.808982935019999,0.8614827993665816,0.30668851299392036,109.9521037463977,358.5139289145053,8.73666588211407e-06,0.0032377801480719904
2065,6548,2151,7036,184521.11,813284.95,-66.85,1688.0,25430.46,11916187.0,0,0,0,0,0,1,5,1312,Failure,0.9306424104604889,31.980740812395844,0.06825043531122833,0.0021341105170638894,3.8836988393402563,1819.8208613317042,3.9322922196452605e-05,0.008051298625407982
15,820,32,825,5188.66,299669.25,-51.31,-86.3,13767.89,10912.0,0,0,0,0,0,2,5,1313,Success,0.9939393939393939,21.76580797783829,27.462357954545453,1.261720124633431,16.79010975609756,13.307317073170731,0.000145265541778733,0.0027363501593840544
654,1990,558,1580,222850.59,733232.47,56.45,598.0,102187.87,595976.0,1,0,1,1,0,3,5,1314,Failure,1.259493670886076,7.175337640367688,1.2303053646455562,0.17146306227096392,51.35068844221105,299.4854271356784,2.935769186695055e-05,0.0027140096509910426
491,1649,280,891,39305.12,261405.83,-35.13,48622.0,37221.93,268313177.0,0,0,0,0,0,1,5,1314,Failure,1.850729517396184,7.022898329022702,0.0009742564003854346,0.00013872568770634773,22.572425712553063,162712.66040024257,2.68658825590183e-05,0.006308199017596509
